Category/Subcategory Name,Meta Title,Meta Description
Apparel,"Custom Apparel | T-Shirts, Hoodies, Uniforms & Graduation Wear","Explore custom apparel including polo t-shirts, hoodies, uniforms, jackets, and graduation gowns for Institutes. Premium quality with professional branding."
Polo T-Shirts,Custom Polo T-Shirts with Logo for Coaching Institutes,"Custom T-shirts, Bags, Stationery & Gifts for Coaching Institutes. Fast delivery, bulk orders & logo branding. Boost your Coaching brand today!"
Round Neck T-Shirts,Custom Round Neck T-Shirts for Coaching Institutes,"Premium Custom Round Neck T-Shirts for Coaching Institutes. Comfortable, durable, and perfect for staff, students & promotional events. Order in bulk with fast delivery!"
Formal Shirts,Custom Formal Shirts for Coaching Staff  -  Logo Branding,"Custom Formal Shirts for Coaching Staff with Logo Branding. Stylish, comfortable, and perfect for Institute events, staff uniforms & bulk orders. Fast delivery available!"
Hoodies-Jackets,Custom Jackets and Hoodies Tailored for Coaching Institutes,"Upgrade your Coaching Institute’s style with Custom Jackets and Hoodies. Perfect for staff, students & events. Durable, stylish, customizable with your logo, and available with fast bulk delivery!"
Uniform Jackets,Teacher Jackets with Logo  -  Custom Apparel for Coaching,"Upgrade your Coaching Institute’s look with Teacher Jackets featuring your logo. Stylish, comfortable & perfect for staff, events & promotions. Available with fast bulk delivery!"
Graduation Hat,Custom Graduation Hats for Coaching Institutes | CoachingPromo,"Custom Graduation Hats for Coaching Institutes by CoachingPromo. Perfect for student ceremonies, events & celebrations. Stylish, high-quality, and available with fast bulk delivery!"
Graduation Gown,Custom Graduation Gowns for Coaching Institutes | CoachingPromo,"Custom Graduation Gowns for Coaching Institutes by CoachingPromo. Perfect for student ceremonies, staff events & celebrations. High-quality, stylish & available with fast bulk delivery!"
Graduation Stole,Custom Graduation Stoles with Logo for Coaching Institutes | CoachingPromo,"Celebrate achievements with Custom Graduation Stoles featuring your Coaching Institute’s Logo. Perfect for students, staff & events. Stylish, high-quality & available with fast bulk delivery!"
Graduation Hood,Premium Custom Graduation Hoods for Coaching Institutes | CoachingPromo,"Elevate your Coaching Institute’s ceremonies with Premium Custom Graduation Hoods. Perfect for students, staff & events. Stylish, high-quality & available with fast bulk delivery!"
Bags,"Custom Bags | Backpacks, Tote Bags, Laptop & Messenger Bags","Explore durable and fully customizable backpacks, tote bags, laptop bags, and messenger bags for Institutes, events, and student welcome kits."
Institute Backpacks,Institute Backpacks  -  Custom Logo Bags for Coaching,"Institute Backpacks  -  Custom Logo Bags for Coaching Institutes. Durable, stylish & perfect for students, staff & promotional events. Available in bulk with fast delivery!"
Jute Bag,Eco-Friendly Custom Jute Bags | Coaching Institutes India,"Go green with Eco-Friendly Custom Jute Bags for Coaching Institutes in India. Perfect for students, staff & events. Stylish, durable & available with fast bulk delivery!"
Messenger Bags,Custom Messenger Bags for Coaching Institutes | Logo Branding,"Premium Custom Messenger Bags for Coaching Institutes with logo branding. Durable, stylish & perfect for faculty, staff & students. Ideal for laptops, documents & daily use. Available in bulk with fast delivery!"
Tote Bag,Custom Tote Bags for Coaching Institutes | Printed Branding,"Spacious Custom Tote Bags for Coaching Institutes with printed branding. Perfect for events, seminars, student kits & daily use. Stylish, durable & available with fast bulk delivery!"
Promotional Items,"Custom Promotional Items | Mugs, Bottles, Clocks, Diaries & Gifts","Discover customizable promotional items including mugs, bottles, diaries, clocks, and accessories for Institutes, events, seminars, and corporate gifting."
Mug,Custom Logo Mugs  -  Promotional Gifts for Coaching Brands,"Boost your Coaching brand with Custom Logo Mugs  -  perfect promotional gifts for students, staff & events. Stylish, durable & available with fast bulk delivery!"
Water Bottle,Custom Water Bottles for Coaching Institutes | Promotional Gifts,"Promote your Coaching Institute with Custom Water Bottles  -  ideal promotional gifts for students, staff & events. Stylish, durable & available with fast bulk delivery!"
Diary Set,Custom Diary Sets for Coaching Institutes | Promotional Gifts,"Custom Diary Sets for Coaching Institutes  -  Ideal Promotional Gifts for students, staff & events. High-quality, stylish & available in bulk with fast delivery!"
Paper Stand,Custom Paper Stands for Coaching Institutes | Promotional Items,"Custom Paper Stands for Coaching Institutes  -  Perfect Promotional Items for staff desks, student use & events. Durable, stylish & fast bulk delivery available!"
Mobile Stand,Custom Mobile Stands for Coaching Institutes | Promotional Gifts,"Custom Mobile Stands for Coaching Institutes  -  Ideal Promotional Gifts for students, staff & events. Stylish, durable & available in bulk with fast delivery!"
Stress Balls,Custom Stress Balls  -  Promotional Products for Branding & Events,"Custom Stress Balls  -  Perfect Promotional Products for Coaching Institutes, branding & events. Fun, durable & available in bulk with fast delivery!"
Wall Clocks,Custom Wall Clocks  -  Printed with Your Logo,"Enhance your Coaching Institute's space with Custom Wall Clocks printed with your Logo. Perfect for staff rooms, events & promotional gifts. Durable & available with fast bulk delivery!"
Table Clock,Custom Table Clocks  -  Logo Printed Promotional Gift,"Promote your Coaching Institute with Custom Table Clocks  -  Logo Printed Promotional Gifts. Perfect for staff, students & events. Stylish, durable & available with fast bulk delivery!"
Mouse Pad,Custom Mouse Pads with Logo Printing | CoachingPromo,"Upgrade your Institute's workspace with Custom Mouse Pads featuring Logo Printing. Ideal for students, staff & promotional events. Durable, stylish & bulk delivery!"
Photo Frame,Custom Promotional Photo Frames for Institutes | CoachingPromo,"Showcase achievements with Custom Promotional Photo Frames for Institutes by CoachingPromo. Stylish, durable & perfect for students, staff & events. Fast bulk delivery!"
Magic Cube,Magic Cube  -  Custom Promotional Products,"Custom Magic Cubes  -  Ideal Promotional Products for Coaching Institutes, staff & student events. Fun, durable & available in bulk with fast delivery!"
Planner,Custom Planners for Coaching Institutes | Promotional Stationery,"Custom Planners for Coaching Institutes  -  Perfect Promotional Stationery for students, staff & events. Stylish, durable & available in bulk with fast delivery!"
Trophy,Custom Trophies for Coaching Institutes | Corporate Awards India,"Custom Trophies for Coaching Institutes  -  Perfect Corporate Awards in India. Stylish, high-quality & ideal for student achievements, staff recognition & events. Fast bulk delivery available!"
Wooden Trophy,Premium Wooden Trophies for Coaching Institutes | Custom Awards,"Premium Wooden Trophies for Coaching Institutes  -  Custom Awards for student achievements, staff recognition & events. Durable, stylish & available in bulk with fast delivery!"
Badges,Custom Promotional Badges  -  CoachingPromo,"Custom Promotional Badges by CoachingPromo  -  Perfect for Coaching Institutes, staff & student events. Stylish, durable & available in bulk with fast delivery!"
Medals,Custom Medals for Coaching Institutes | Award Medals in Bulk,"Custom Medals for Coaching Institutes  -  Perfect Award Medals in Bulk for student achievements, staff recognition & events. Stylish, high-quality & fast delivery available!"
Stationery,"Custom Stationery | Notebooks, Pens, Calendars & Office Supplies","Explore custom-branded stationery like notebooks, pens, calendars, files, exam pads, and organizers for schools, colleges, offices, and events."
Table Calendar,Custom Table Calendars with Logo  -  Daily Brand Visibility,"Promote your Institute daily with Custom Table Calendars featuring your Logo. Perfect for students, staff & events. Stylish, durable & fast bulk delivery available!"
Wall Calendar,Custom Wall Calendars with Logo  -  Promote Your Brand,"Promote your Coaching brand with Custom Wall Calendars featuring your Logo. Perfect for students, staff & events. Stylish, durable & available in bulk delivery!"
Notebook,Custom Notebooks for Coaching Institutes | Promotional Stationery,"Boost learning with Custom Notebooks for Coaching Institutes. Perfect Promotional Stationery for students, staff & events. Durable, stylish & fast bulk delivery!"
Notepad,Custom Printed Notepads for Coaching Institutes | CoachingPromo,"Custom Printed Notepads for Coaching Institutes by CoachingPromo. Ideal for students, staff & promotional events. Stylish, durable & fast bulk delivery available!"
Exam Pad,Custom Exam Pads for Coaching Institutes | Promotional Stationery,"Enhance exam prep with Custom Exam Pads for Coaching Institutes. Perfect for students, staff & events. Stylish, durable & available in bulk delivery!"
Binder Clips,Custom Binder Clips with Logo Printing | CoachingPromo,"Organize efficiently with Custom Binder Clips featuring Logo Printing. Ideal for Coaching Institutes, staff & students. Durable, stylish & fast bulk delivery available!"
Handbill,Custom Handbill Printing for Coaching Institutes | CoachingPromo,"Promote your Institute with Custom Handbill Printing by CoachingPromo. Perfect for events, branding & student engagement. Stylish, high-quality & bulk delivery!"
Lanyard and ID Card,Custom Lanyards & ID Cards for Coaching Institutes | Branding,"Brand your Institute with Custom Lanyards & ID Cards. Perfect for students, staff & events. Durable, stylish & available in bulk with fast delivery!"
Attendance Registers,Custom Attendance Registers for Coaching Institutes | Stationery,"Track attendance efficiently with Custom Attendance Registers for Coaching Institutes. Ideal for staff & student use. Durable, stylish & bulk delivery available!"
Customized Pens,Custom Pencils with Logo Printing for Coaching Institutes,"Promote your brand with Custom Pencils featuring Logo Printing. Perfect for students, staff & Coaching events. Stylish, durable & fast bulk delivery available!"
Branding Files & Folders,Custom Files & Folders with Logo | CoachingPromo,"Custom Files & Folders with Logo  -  Ideal for Coaching Institutes, students & staff. Stylish, durable & available in bulk with fast delivery!"
Graduation Degree Folders,Custom Degree Certificate Folders with Logo,"Custom Degree Certificate Folders with Logo  -  Perfect for Coaching Institutes, staff & student awards. Stylish, durable & fast bulk delivery available!"
