Keyword,Cluster,Search Intent,Priority,Difficulty Estimate,Target Page,Existing/New,Current Position,Current Impressions,Primary/Secondary,Implementation Status,Notes
promotional products for coaching institutes,Coaching institute merchandise,Commercial,High,High,/,Existing,Not in provided query export,Not in provided query export,Primary,Implemented,Homepage title description H1 context and money-page links aligned
custom merchandise for coaching institutes,Coaching institute merchandise,Commercial,High,High,/,Existing,Not in provided query export,Not in provided query export,Secondary,Implemented,Broad homepage theme
coaching promotion,Brand,Commercial,Defend,Medium,/,Existing,3.53,15,Secondary,Implemented,Strong existing visibility; avoid over-optimization
promotional products India,Promotional products,Commercial,Medium,Very High,/categories/promotional-items,Existing,Not in provided query export,Not in provided query export,Secondary,Planned,Build authority before treating as primary
promotional products Delhi,Promotional products,Commercial,Medium,High,/categories/promotional-items,Existing,Not in provided query export,Not in provided query export,Secondary,Planned,Use factual Delhi service context only
promotional products supplier,Promotional products,Commercial,Medium,Very High,/categories/promotional-items,Existing,Not in provided query export,Not in provided query export,Secondary,Implemented,Category metadata aligned
promotional items,Promotional products,Commercial,High,High,/categories/promotional-items,Existing,Not in provided query export,28 page impressions,Primary,Implemented,Category has strong page-level signal
promotion product,Promotional products,Commercial,Defend,Medium,/categories/promotional-items,Existing,9,2,Secondary,Implemented,Defend existing first-page visibility
bulk promotional products,Promotional products,Transactional,Medium,High,/categories/promotional-items,Existing,Not in provided query export,Not in provided query export,Secondary,Planned,Needs better category buying guide
promotional merchandise India,Promotional products,Commercial,Medium,High,/categories/promotional-items,Existing,Not in provided query export,Not in provided query export,Secondary,Planned,Support through guide content
corporate gifting for educational institutions,Institutional gifting,Commercial,Medium,High,/categories/promotional-items,Existing,Not in provided query export,Not in provided query export,Secondary,Planned,Do not create new page until content and demand justify it
teacher jacket,Teacher jackets,Commercial,Highest,Medium,/apparel-accessories/uniform-jackets,Existing,11.41,17,Primary,Implemented,High-impression page-two opportunity
jacket for teachers,Teacher jackets,Commercial,Highest,Medium,/apparel-accessories/uniform-jackets,Existing,11.40,10,Secondary,Implemented,Consolidated on one preferred page
jackets for teachers,Teacher jackets,Commercial,Highest,Medium,/apparel-accessories/uniform-jackets,Existing,11.40,10,Secondary,Implemented,Consolidated on one preferred page
teacher jackets,Teacher jackets,Commercial,Highest,Medium,/apparel-accessories/uniform-jackets,Existing,11.14,7,Secondary,Implemented,Page title content FAQs and internal links improved
teachers jacket,Teacher jackets,Commercial,High,Medium,/apparel-accessories/uniform-jackets,Existing,11.00,4,Secondary,Implemented,Variant covered naturally
custom teacher jackets,Teacher jackets,Transactional,High,Medium,/apparel-accessories/uniform-jackets,Existing,Not in provided query export,Not in provided query export,Secondary,Implemented,Commercial expansion
teacher jackets with logo,Teacher jackets,Transactional,High,Medium,/apparel-accessories/uniform-jackets,Existing,Not in provided query export,Not in provided query export,Secondary,Implemented,Logo method explained without invented specs
school staff winter jackets,Teacher jackets,Commercial,High,Medium,/apparel-accessories/uniform-jackets,Existing,Not in provided query export,Not in provided query export,Secondary,Implemented,Use-case support
faculty jackets,Teacher jackets,Commercial,Medium,Medium,/apparel-accessories/uniform-jackets,Existing,Not in provided query export,Not in provided query export,Secondary,Implemented,Use-case support
coaching institute winter jackets,Winter wear,Commercial,High,Medium,/custom-hoodies-for-coaching-institutes,Existing,Not in provided query export,Not in provided query export,Secondary,Implemented,Dedicated institute page
custom hoodies for coaching institutes,Winter wear,Commercial,High,High,/custom-hoodies-for-coaching-institutes,Existing,Not in provided query export,Not in provided query export,Primary,Implemented,Dedicated commercial landing page
bulk hoodie printing India,Winter wear,Transactional,High,High,/custom-hoodies-for-coaching-institutes,Existing,Not in provided query export,Not in provided query export,Secondary,Implemented,Supported by hoodie collection and guides
custom hoodies with logo in bulk India,Winter wear,Transactional,High,High,/custom-hoodies-for-coaching-institutes,Existing,Not in provided query export,Not in provided query export,Secondary,Implemented,No duplicate page created
custom college hoodies India,Winter wear,Commercial,High,High,/custom-hoodies-for-coaching-institutes,Existing,Not in provided query export,Not in provided query export,Secondary,Implemented,College use case included
premium 300 GSM hoodies with institute logo,Winter wear,Transactional,Medium,Medium,/apparel-accessories/hoodies-jackets,Existing,Not in provided query export,Not in provided query export,Secondary,Implemented,Availability-qualified wording prevents false specification
t shirt for coaching classes,Coaching T-shirts,Commercial,Highest,Medium,/apparel-accessories/polo-t-shirts,Existing,16.25,12,Primary,Implemented,Page-two opportunity
t shirt for coaching institute,Coaching T-shirts,Commercial,Highest,Medium,/apparel-accessories/polo-t-shirts,Existing,18.67,3,Secondary,Implemented,Metadata and buying copy improved
coaching classes t shirt design,Coaching T-shirts,Informational/Commercial,High,Medium,/apparel-accessories/round-neck-t-shirts,Existing,13.00,1,Primary,Implemented,Event and batch design intent mapped to round-neck page
t-shirt for coaching classes,Coaching T-shirts,Commercial,High,Medium,/apparel-accessories/round-neck-t-shirts,Existing,17.00,1,Secondary,Implemented,Hyphen variant mapped without separate page
custom polo t shirts for institutes,Coaching T-shirts,Transactional,High,High,/apparel-accessories/polo-t-shirts,Existing,Not in provided query export,44 page impressions,Secondary,Implemented,Page-level position 13.36
coaching staff t shirts,Coaching T-shirts,Commercial,High,Medium,/apparel-accessories/polo-t-shirts,Existing,Not in provided query export,Not in provided query export,Secondary,Implemented,Staff use-case content
student batch t shirts,Coaching T-shirts,Transactional,Medium,Medium,/apparel-accessories/round-neck-t-shirts,Existing,Not in provided query export,Not in provided query export,Secondary,Implemented,Student-event use case
tote bag for coaching,Tote bags,Commercial,High,Medium,/bags/tote-bag,Existing,9.33,3,Primary,Implemented,Defend and improve CTR
custom tote bags for coaching institutes,Tote bags,Transactional,High,Medium,/bags/tote-bag,Existing,Not in provided query export,47 page impressions,Secondary,Implemented,Page-level position 10.53
printed tote bags for institutes,Tote bags,Transactional,High,Medium,/bags/tote-bag,Existing,Not in provided query export,Not in provided query export,Secondary,Implemented,Material and artwork guidance added
student kit tote bags India,Tote bags,Commercial,Medium,Medium,/bags/tote-bag,Existing,Not in provided query export,Not in provided query export,Secondary,Implemented,Links to notebooks
bags for coaching classes,Institute bags,Commercial,High,Medium,/categories/bags,Existing,16.00,1,Secondary,Implemented,Homepage and bag category links strengthened
custom backpacks for institutes,Institute bags,Transactional,Medium,High,/bags/institute-backpacks,Existing,Not in provided query export,13 page impressions,Primary,Planned,Page-level position 13.46; next content target
coaching diary,Diaries,Commercial,Highest,Medium,/promotional-items/diary-set,Existing,10.71,7,Primary,Implemented,Near-page-one opportunity
custom diaries for coaching institutes,Diaries,Transactional,High,Medium,/promotional-items/diary-set,Existing,Not in provided query export,33 page impressions,Secondary,Implemented,Format and seasonal guidance added
branded diary sets in bulk,Diaries,Transactional,High,High,/promotional-items/diary-set,Existing,Not in provided query export,Not in provided query export,Secondary,Implemented,No MOQ or turnaround invented
teacher diary with institute logo,Diaries,Commercial,Medium,Medium,/promotional-items/diary-set,Existing,Not in provided query export,Not in provided query export,Secondary,Implemented,Faculty use case
custom notebooks for coaching institutes,Notebooks,Transactional,High,Medium,/stationery/notebook,Existing,Not in provided query export,21 page impressions,Primary,Implemented,Page-level position 7.14
student notebook with logo,Notebooks,Transactional,High,Medium,/stationery/notebook,Existing,Not in provided query export,Not in provided query export,Secondary,Implemented,Student-kit context
custom notebooks bulk,Notebooks,Transactional,Medium,High,/stationery/notebook,Existing,Not in provided query export,Not in provided query export,Secondary,Implemented,Specification-first content
custom attendance registers,Academic stationery,Transactional,High,Medium,/stationery/attendance-registers,Existing,Not in provided query export,68 page impressions,Primary,Implemented,Page-level position 4.96
school attendance register printing,Academic stationery,Transactional,High,Medium,/stationery/attendance-registers,Existing,Not in provided query export,Not in provided query export,Secondary,Implemented,Interior layout guidance added
coaching institute attendance register,Academic stationery,Transactional,High,Low,/stationery/attendance-registers,Existing,Not in provided query export,Not in provided query export,Secondary,Implemented,Strong audience fit
degree folder,Graduation products,Commercial,Highest,Medium,/stationery/graduation-degree-folders,Existing,17.00,2,Primary,Implemented,Query page-two while page has strong aggregate signal
graduation degree folders,Graduation products,Transactional,High,Medium,/stationery/graduation-degree-folders,Existing,Not in provided query export,30 page impressions,Secondary,Implemented,Page-level position 8.43 and five clicks
custom degree certificate folders India,Graduation products,Transactional,High,Medium,/stationery/graduation-degree-folders,Existing,Not in provided query export,Not in provided query export,Secondary,Implemented,Fit and material questions addressed safely
convocation degree folders bulk,Graduation products,Transactional,High,Medium,/stationery/graduation-degree-folders,Existing,Not in provided query export,Not in provided query export,Secondary,Implemented,Convocation intent
customized stole for graduation,Graduation products,Transactional,Defend,Medium,/apparel-accessories/graduation-stole,Existing,5.00,1,Primary,Implemented,Existing first-page visibility
graduation stole custom,Graduation products,Transactional,Defend,Medium,/apparel-accessories/graduation-stole,Existing,9.00,1,Secondary,Implemented,Existing first-page visibility
custom stole,Graduation products,Transactional,High,High,/apparel-accessories/graduation-stole,Existing,14.00,1,Secondary,Implemented,Page-two opportunity
college convocation stoles,Graduation products,Transactional,Medium,Medium,/apparel-accessories/graduation-stole,Existing,Not in provided query export,Not in provided query export,Secondary,Implemented,Department colour planning included
customised water bottles in bulk for schools,Drinkware,Transactional,High,Medium,/promotional-items/water-bottle,Existing,52.83,6,Primary,Implemented,Intent mismatch/weak content addressed; needs authority
custom water bottles for coaching institutes,Drinkware,Transactional,Medium,Medium,/promotional-items/water-bottle,Existing,Not in provided query export,31 page impressions,Secondary,Implemented,Page-level position 15.19
customized exam pad,Academic stationery,Transactional,Medium,Medium,/stationery/exam-pad,Existing,26.00,3,Primary,Planned,Improve after top 11-20 priorities
coaching handbill,Academic stationery,Commercial,Medium,Low,/stationery/handbill,Existing,13.00,1,Primary,Planned,Existing page-level position 8.25
custom binder clip,Academic stationery,Transactional,Defend,Low,/stationery/binder-clips,Existing,2.00,1,Primary,Planned,Defend existing ranking; low impression volume
custom binder clips,Academic stationery,Transactional,Defend,Low,/stationery/binder-clips,Existing,6.00,2,Secondary,Planned,Defend existing ranking
personalized table clock,Desk gifts,Transactional,Low,Medium,/promotional-items/table-clock,Existing,41.40,5,Primary,Planned,Lower priority due weak position and low volume
custom stress balls,Promotional products,Transactional,Medium,Medium,/promotional-items/stress-balls,Existing,Not in provided query export,62 page impressions,Primary,Planned,Two clicks but position 39.44 suggests intent/page gap
student welcome kit,Student kits,Commercial,High,High,/bags/tote-bag,Existing,Not in provided query export,Not in provided query export,Secondary,Planned,Use existing bag page initially; validate demand before new landing page
coaching institute student kit,Student kits,Transactional,High,Medium,/bags/tote-bag,Existing,Not in provided query export,Not in provided query export,Secondary,Planned,Potential distinct page after product and packaging facts are available
admission kit for coaching institutes,Student kits,Transactional,High,Medium,/bags/tote-bag,Existing,Not in provided query export,Not in provided query export,Secondary,Planned,Support with future guide and kit builder
printing vs embroidery for institute logos,Branding methods,Informational,Medium,Medium,/blogs/hoodie-printing-vs-embroidery-for-institute-logos,Existing,Not in provided query export,Not in provided query export,Primary,Implemented,Supports hoodie and apparel pages
how to order custom hoodies in bulk,Winter wear,Informational/Transactional,Medium,Medium,/blogs/how-to-order-custom-hoodies-in-bulk,Existing,Not in provided query export,Not in provided query export,Primary,Implemented,Commercial support article
best GSM for winter hoodies in India,Winter wear,Informational,Medium,Medium,/blogs/best-gsm-for-winter-hoodies-in-india,Existing,Not in provided query export,Not in provided query export,Primary,Implemented,Supports hoodie collection
how much do custom hoodies cost in bulk,Winter wear,Informational/Commercial,Medium,Medium,/blogs/how-much-do-custom-hoodies-cost-in-bulk,Existing,Not in provided query export,Not in provided query export,Primary,Implemented,Explains price drivers without fabricated prices
pullover vs zipper hoodies for student uniforms,Winter wear,Comparison,Medium,Low,/blogs/pullover-vs-zipper-hoodies-for-student-uniforms,Existing,Not in provided query export,Not in provided query export,Primary,Implemented,Supports commercial winter-wear page
teacher jacket buying guide,Teacher jackets,Informational/Commercial,High,Medium,/apparel-accessories/uniform-jackets,Existing,Not in provided query export,Not in provided query export,Secondary,Planned,Create article only after more product facts are available
degree folder buying guide,Graduation products,Informational/Commercial,Medium,Low,/stationery/graduation-degree-folders,Existing,Not in provided query export,Not in provided query export,Secondary,Planned,Existing landing page now answers core buying questions
bulk merchandise ordering guide,Commercial guide,Informational/Transactional,Medium,High,/blogs,Existing hub,Not in provided query export,Not in provided query export,Primary,Planned,Future cross-category authority content
MOQ guide for customized promotional products,Commercial guide,Informational,Medium,Medium,/blogs,Existing hub,Not in provided query export,Not in provided query export,Primary,Planned,Requires verified MOQ policy before publication
promotional product ideas for education events,Education events,Informational/Commercial,Medium,Medium,/blogs,Existing hub,Not in provided query export,Not in provided query export,Primary,Planned,Link to promotional items and student kits
corporate gifting supplier Delhi,Local commercial,Commercial,Medium,Very High,/categories/promotional-items,Existing,Not in provided query export,Not in provided query export,Secondary,Planned,Do not claim office coverage beyond verified Delhi identity
promotional products Delhi NCR,Local commercial,Commercial,Medium,High,/categories/promotional-items,Existing,Not in provided query export,Not in provided query export,Secondary,Planned,Use service-area copy; no city doorway pages
promotional services in delhi with phone number,Local commercial,Contact intent,Defend,Low,/contact,Existing,1.00,2,Secondary,Implemented,Contact page and metadata already support conversion
