Source URL,Target URL,Anchor Text,Context,Status
https://www.coachingpromo.in/solutions/custom-merchandise-for-educational-institutions,https://www.coachingpromo.in/categories/apparel-accessories,Custom apparel,Contextual related-product or planning link,Implemented
https://www.coachingpromo.in/solutions/custom-merchandise-for-educational-institutions,https://www.coachingpromo.in/categories/bags,Bags and backpacks,Contextual related-product or planning link,Implemented
https://www.coachingpromo.in/solutions/custom-merchandise-for-educational-institutions,https://www.coachingpromo.in/categories/stationery,Printed stationery,Contextual related-product or planning link,Implemented
https://www.coachingpromo.in/solutions/custom-merchandise-for-educational-institutions,https://www.coachingpromo.in/solutions/student-welcome-kits,Student welcome kits,Contextual related-product or planning link,Implemented
https://www.coachingpromo.in/solutions/custom-merchandise-for-educational-institutions,https://www.coachingpromo.in/contact,Discuss an institutional order,Contextual related-product or planning link,Implemented
https://www.coachingpromo.in/solutions/student-welcome-kits,https://www.coachingpromo.in/bags/tote-bag,Printed tote bags,Contextual related-product or planning link,Implemented
https://www.coachingpromo.in/solutions/student-welcome-kits,https://www.coachingpromo.in/bags/institute-backpacks,Institute backpacks,Contextual related-product or planning link,Implemented
https://www.coachingpromo.in/solutions/student-welcome-kits,https://www.coachingpromo.in/stationery/notebook,Custom notebooks,Contextual related-product or planning link,Implemented
https://www.coachingpromo.in/solutions/student-welcome-kits,https://www.coachingpromo.in/stationery/customized-pens,Promotional pens,Contextual related-product or planning link,Implemented
https://www.coachingpromo.in/solutions/student-welcome-kits,https://www.coachingpromo.in/promotional-items/water-bottle,Custom bottles,Contextual related-product or planning link,Implemented
https://www.coachingpromo.in/solutions/student-welcome-kits,https://www.coachingpromo.in/stationery/lanyard-and-id-card,Lanyards and ID products,Contextual related-product or planning link,Implemented
https://www.coachingpromo.in/solutions/event-merchandise-for-educational-institutions,https://www.coachingpromo.in/apparel-accessories/round-neck-t-shirts,Event T-shirts,Contextual related-product or planning link,Implemented
https://www.coachingpromo.in/solutions/event-merchandise-for-educational-institutions,https://www.coachingpromo.in/apparel-accessories/polo-t-shirts,Polo shirts,Contextual related-product or planning link,Implemented
https://www.coachingpromo.in/solutions/event-merchandise-for-educational-institutions,https://www.coachingpromo.in/bags/tote-bag,Tote bags,Contextual related-product or planning link,Implemented
https://www.coachingpromo.in/solutions/event-merchandise-for-educational-institutions,https://www.coachingpromo.in/stationery/lanyard-and-id-card,Lanyards,Contextual related-product or planning link,Implemented
https://www.coachingpromo.in/solutions/event-merchandise-for-educational-institutions,https://www.coachingpromo.in/promotional-items/trophy,Trophies,Contextual related-product or planning link,Implemented
https://www.coachingpromo.in/solutions/event-merchandise-for-educational-institutions,https://www.coachingpromo.in/promotional-items/medals,Medals,Contextual related-product or planning link,Implemented
https://www.coachingpromo.in/solutions/corporate-gifting-for-educational-institutions,https://www.coachingpromo.in/promotional-items/diary-set,Customized diaries,Contextual related-product or planning link,Implemented
https://www.coachingpromo.in/solutions/corporate-gifting-for-educational-institutions,https://www.coachingpromo.in/promotional-items/planner,Planners,Contextual related-product or planning link,Implemented
https://www.coachingpromo.in/solutions/corporate-gifting-for-educational-institutions,https://www.coachingpromo.in/promotional-items/mug,Promotional mugs,Contextual related-product or planning link,Implemented
https://www.coachingpromo.in/solutions/corporate-gifting-for-educational-institutions,https://www.coachingpromo.in/promotional-items/water-bottle,Branded bottles,Contextual related-product or planning link,Implemented
https://www.coachingpromo.in/solutions/corporate-gifting-for-educational-institutions,https://www.coachingpromo.in/promotional-items/trophy,Awards and trophies,Contextual related-product or planning link,Implemented
https://www.coachingpromo.in/solutions/eco-friendly-promotional-products,https://www.coachingpromo.in/bags/jute-bag,Jute bags,Contextual related-product or planning link,Implemented
https://www.coachingpromo.in/solutions/eco-friendly-promotional-products,https://www.coachingpromo.in/stationery/customized-pens,Customized pens,Contextual related-product or planning link,Implemented
https://www.coachingpromo.in/solutions/eco-friendly-promotional-products,https://www.coachingpromo.in/stationery/notebook,Notebooks,Contextual related-product or planning link,Implemented
https://www.coachingpromo.in/solutions/eco-friendly-promotional-products,https://www.coachingpromo.in/promotional-items/water-bottle,Reusable bottles,Contextual related-product or planning link,Implemented
https://www.coachingpromo.in/solutions/eco-friendly-promotional-products,https://www.coachingpromo.in/solutions/student-welcome-kits,Student kits,Contextual related-product or planning link,Implemented
https://www.coachingpromo.in/solutions/convocation-products,https://www.coachingpromo.in/apparel-accessories/graduation-gown,Graduation gowns,Contextual related-product or planning link,Implemented
https://www.coachingpromo.in/solutions/convocation-products,https://www.coachingpromo.in/apparel-accessories/graduation-hat,Graduation hats,Contextual related-product or planning link,Implemented
https://www.coachingpromo.in/solutions/convocation-products,https://www.coachingpromo.in/apparel-accessories/graduation-stole,Stoles and sashes,Contextual related-product or planning link,Implemented
https://www.coachingpromo.in/solutions/convocation-products,https://www.coachingpromo.in/apparel-accessories/graduation-hood,Graduation hoods,Contextual related-product or planning link,Implemented
https://www.coachingpromo.in/solutions/convocation-products,https://www.coachingpromo.in/stationery/graduation-degree-folders,Degree folders,Contextual related-product or planning link,Implemented
https://www.coachingpromo.in/industries/schools,https://www.coachingpromo.in/solutions/student-welcome-kits,School welcome kits,Contextual related-product or planning link,Implemented
https://www.coachingpromo.in/industries/schools,https://www.coachingpromo.in/categories/bags,School bags,Contextual related-product or planning link,Implemented
https://www.coachingpromo.in/industries/schools,https://www.coachingpromo.in/stationery/notebook,School notebooks,Contextual related-product or planning link,Implemented
https://www.coachingpromo.in/industries/schools,https://www.coachingpromo.in/promotional-items/water-bottle,School bottles,Contextual related-product or planning link,Implemented
https://www.coachingpromo.in/industries/schools,https://www.coachingpromo.in/promotional-items/trophy,Awards and trophies,Contextual related-product or planning link,Implemented
https://www.coachingpromo.in/industries/colleges-universities,https://www.coachingpromo.in/custom-hoodies-for-coaching-institutes,Custom hoodies,Contextual related-product or planning link,Implemented
https://www.coachingpromo.in/industries/colleges-universities,https://www.coachingpromo.in/apparel-accessories/round-neck-t-shirts,College T-shirts,Contextual related-product or planning link,Implemented
https://www.coachingpromo.in/industries/colleges-universities,https://www.coachingpromo.in/solutions/event-merchandise-for-educational-institutions,Fest merchandise,Contextual related-product or planning link,Implemented
https://www.coachingpromo.in/industries/colleges-universities,https://www.coachingpromo.in/solutions/student-welcome-kits,Orientation kits,Contextual related-product or planning link,Implemented
https://www.coachingpromo.in/industries/colleges-universities,https://www.coachingpromo.in/solutions/convocation-products,Convocation products,Contextual related-product or planning link,Implemented
https://www.coachingpromo.in/industries/training-institutes,https://www.coachingpromo.in/stationery/notebook,Training notebooks,Contextual related-product or planning link,Implemented
https://www.coachingpromo.in/industries/training-institutes,https://www.coachingpromo.in/stationery/branding-files-and-folders,Course folders,Contextual related-product or planning link,Implemented
https://www.coachingpromo.in/industries/training-institutes,https://www.coachingpromo.in/bags/institute-backpacks,Training bags,Contextual related-product or planning link,Implemented
https://www.coachingpromo.in/industries/training-institutes,https://www.coachingpromo.in/apparel-accessories/polo-t-shirts,Trainer polo shirts,Contextual related-product or planning link,Implemented
https://www.coachingpromo.in/industries/training-institutes,https://www.coachingpromo.in/solutions/student-welcome-kits,Training kits,Contextual related-product or planning link,Implemented
https://www.coachingpromo.in/guides/promotional-product-planning-for-coaching-institutes,https://www.coachingpromo.in/,Promotional products for coaching institutes,Contextual related-product or planning link,Implemented
https://www.coachingpromo.in/guides/promotional-product-planning-for-coaching-institutes,https://www.coachingpromo.in/solutions/student-welcome-kits,Student welcome kits,Contextual related-product or planning link,Implemented
https://www.coachingpromo.in/guides/promotional-product-planning-for-coaching-institutes,https://www.coachingpromo.in/solutions/event-merchandise-for-educational-institutions,Event merchandise,Contextual related-product or planning link,Implemented
https://www.coachingpromo.in/guides/promotional-product-planning-for-coaching-institutes,https://www.coachingpromo.in/contact,Request a quotation,Contextual related-product or planning link,Implemented
https://www.coachingpromo.in/guides/student-welcome-kit-checklist,https://www.coachingpromo.in/solutions/student-welcome-kits,Order student welcome kits,Contextual related-product or planning link,Implemented
https://www.coachingpromo.in/guides/student-welcome-kit-checklist,https://www.coachingpromo.in/stationery/notebook,Custom notebooks,Contextual related-product or planning link,Implemented
https://www.coachingpromo.in/guides/student-welcome-kit-checklist,https://www.coachingpromo.in/bags/tote-bag,Tote bags,Contextual related-product or planning link,Implemented
https://www.coachingpromo.in/guides/student-welcome-kit-checklist,https://www.coachingpromo.in/promotional-items/water-bottle,Water bottles,Contextual related-product or planning link,Implemented
https://www.coachingpromo.in/guides/college-merchandise-ideas,https://www.coachingpromo.in/industries/colleges-universities,College merchandise,Contextual related-product or planning link,Implemented
https://www.coachingpromo.in/guides/college-merchandise-ideas,https://www.coachingpromo.in/solutions/event-merchandise-for-educational-institutions,College fest merchandise,Contextual related-product or planning link,Implemented
https://www.coachingpromo.in/guides/college-merchandise-ideas,https://www.coachingpromo.in/solutions/student-welcome-kits,Orientation kits,Contextual related-product or planning link,Implemented
https://www.coachingpromo.in/guides/college-merchandise-ideas,https://www.coachingpromo.in/solutions/convocation-products,Graduation products,Contextual related-product or planning link,Implemented
https://www.coachingpromo.in/guides/custom-t-shirt-printing-guide,https://www.coachingpromo.in/apparel-accessories/round-neck-t-shirts,Custom round-neck T-shirts,Contextual related-product or planning link,Implemented
https://www.coachingpromo.in/guides/custom-t-shirt-printing-guide,https://www.coachingpromo.in/apparel-accessories/polo-t-shirts,Custom polo T-shirts,Contextual related-product or planning link,Implemented
https://www.coachingpromo.in/guides/custom-t-shirt-printing-guide,https://www.coachingpromo.in/contact,Request a T-shirt quotation,Contextual related-product or planning link,Implemented
https://www.coachingpromo.in/guides/notebook-printing-guide,https://www.coachingpromo.in/stationery/notebook,Custom notebooks,Contextual related-product or planning link,Implemented
https://www.coachingpromo.in/guides/notebook-printing-guide,https://www.coachingpromo.in/stationery/notepad,Custom notepads,Contextual related-product or planning link,Implemented
https://www.coachingpromo.in/guides/notebook-printing-guide,https://www.coachingpromo.in/stationery/attendance-registers,Attendance registers,Contextual related-product or planning link,Implemented
https://www.coachingpromo.in/guides/notebook-printing-guide,https://www.coachingpromo.in/contact,Request a stationery quote,Contextual related-product or planning link,Implemented
https://www.coachingpromo.in/guides/admission-and-orientation-merchandise-ideas,https://www.coachingpromo.in/solutions/student-welcome-kits,Admission and welcome kits,Contextual related-product or planning link,Implemented
https://www.coachingpromo.in/guides/admission-and-orientation-merchandise-ideas,https://www.coachingpromo.in/solutions/event-merchandise-for-educational-institutions,Event merchandise,Contextual related-product or planning link,Implemented
https://www.coachingpromo.in/guides/admission-and-orientation-merchandise-ideas,https://www.coachingpromo.in/stationery/branding-files-and-folders,Printed folders,Contextual related-product or planning link,Implemented
https://www.coachingpromo.in/guides/admission-and-orientation-merchandise-ideas,https://www.coachingpromo.in/contact,Discuss an admission campaign,Contextual related-product or planning link,Implemented
https://www.coachingpromo.in/guides/how-branded-merchandise-supports-institute-branding,https://www.coachingpromo.in/,Coaching institute merchandise,Contextual related-product or planning link,Implemented
https://www.coachingpromo.in/guides/how-branded-merchandise-supports-institute-branding,https://www.coachingpromo.in/solutions/custom-merchandise-for-educational-institutions,Educational merchandise,Contextual related-product or planning link,Implemented
https://www.coachingpromo.in/guides/how-branded-merchandise-supports-institute-branding,https://www.coachingpromo.in/guides/custom-merchandise-branding-methods,Branding methods,Contextual related-product or planning link,Implemented
https://www.coachingpromo.in/guides/how-branded-merchandise-supports-institute-branding,https://www.coachingpromo.in/contact,Discuss an institute requirement,Contextual related-product or planning link,Implemented
https://www.coachingpromo.in/guides/custom-merchandise-branding-methods,https://www.coachingpromo.in/apparel-accessories/round-neck-t-shirts,Printed T-shirts,Contextual related-product or planning link,Implemented
https://www.coachingpromo.in/guides/custom-merchandise-branding-methods,https://www.coachingpromo.in/custom-hoodies-for-coaching-institutes,Printed and embroidered hoodies,Contextual related-product or planning link,Implemented
https://www.coachingpromo.in/guides/custom-merchandise-branding-methods,https://www.coachingpromo.in/stationery/customized-pens,Customized pens,Contextual related-product or planning link,Implemented
https://www.coachingpromo.in/guides/custom-merchandise-branding-methods,https://www.coachingpromo.in/contact,Review your artwork,Contextual related-product or planning link,Implemented
https://www.coachingpromo.in/,https://www.coachingpromo.in/solutions/custom-merchandise-for-educational-institutions,Custom Merchandise for Educational Institutions,Homepage programme/audience discovery (selected priority pages) or sitemap discovery,Implemented on homepage for priority page
https://www.coachingpromo.in/,https://www.coachingpromo.in/solutions/student-welcome-kits,"Student Welcome Kits for Institutes, Schools and Colleges",Homepage programme/audience discovery (selected priority pages) or sitemap discovery,Implemented on homepage for priority page
https://www.coachingpromo.in/,https://www.coachingpromo.in/solutions/event-merchandise-for-educational-institutions,Event Merchandise for Educational Institutions,Homepage programme/audience discovery (selected priority pages) or sitemap discovery,Implemented on homepage for priority page
https://www.coachingpromo.in/,https://www.coachingpromo.in/solutions/corporate-gifting-for-educational-institutions,Corporate Gifting for Educational Institutions,Homepage programme/audience discovery (selected priority pages) or sitemap discovery,Implemented on homepage for priority page
https://www.coachingpromo.in/,https://www.coachingpromo.in/solutions/eco-friendly-promotional-products,Eco-Friendly Promotional Products for Institutions,Homepage programme/audience discovery (selected priority pages) or sitemap discovery,Implemented on homepage for priority page
https://www.coachingpromo.in/,https://www.coachingpromo.in/solutions/convocation-products,Convocation and Graduation Products,Homepage programme/audience discovery (selected priority pages) or sitemap discovery,Implemented on homepage for priority page
https://www.coachingpromo.in/,https://www.coachingpromo.in/industries/schools,Custom School Merchandise and Promotional Products,Homepage programme/audience discovery (selected priority pages) or sitemap discovery,Implemented on homepage for priority page
https://www.coachingpromo.in/,https://www.coachingpromo.in/industries/colleges-universities,College and University Merchandise,Homepage programme/audience discovery (selected priority pages) or sitemap discovery,Implemented on homepage for priority page
https://www.coachingpromo.in/,https://www.coachingpromo.in/industries/training-institutes,Merchandise for Training Institutes and Academies,Homepage programme/audience discovery (selected priority pages) or sitemap discovery,Implemented on homepage for priority page
https://www.coachingpromo.in/,https://www.coachingpromo.in/guides/promotional-product-planning-for-coaching-institutes,How to Plan Promotional Products for a Coaching Institute,Homepage programme/audience discovery (selected priority pages) or sitemap discovery,Implemented through contextual hubs
https://www.coachingpromo.in/,https://www.coachingpromo.in/guides/student-welcome-kit-checklist,Student Welcome Kit Checklist,Homepage programme/audience discovery (selected priority pages) or sitemap discovery,Implemented through contextual hubs
https://www.coachingpromo.in/,https://www.coachingpromo.in/guides/college-merchandise-ideas,College Merchandise Ideas by Campus Use Case,Homepage programme/audience discovery (selected priority pages) or sitemap discovery,Implemented through contextual hubs
https://www.coachingpromo.in/,https://www.coachingpromo.in/guides/custom-t-shirt-printing-guide,Custom T-Shirt Printing Guide for Institutions,Homepage programme/audience discovery (selected priority pages) or sitemap discovery,Implemented through contextual hubs
https://www.coachingpromo.in/,https://www.coachingpromo.in/guides/notebook-printing-guide,Custom Notebook Printing Guide for Institutes,Homepage programme/audience discovery (selected priority pages) or sitemap discovery,Implemented through contextual hubs
https://www.coachingpromo.in/,https://www.coachingpromo.in/guides/admission-and-orientation-merchandise-ideas,Admission and Orientation Merchandise Ideas,Homepage programme/audience discovery (selected priority pages) or sitemap discovery,Implemented through contextual hubs
https://www.coachingpromo.in/,https://www.coachingpromo.in/guides/how-branded-merchandise-supports-institute-branding,How Branded Merchandise Supports Institute Branding,Homepage programme/audience discovery (selected priority pages) or sitemap discovery,Implemented through contextual hubs
https://www.coachingpromo.in/,https://www.coachingpromo.in/guides/custom-merchandise-branding-methods,Custom Merchandise Branding Methods,Homepage programme/audience discovery (selected priority pages) or sitemap discovery,Implemented through contextual hubs
