Keyword Cluster,Search Intent,Priority,Current URL,Gap,Recommended Action,Proposed URL,Supporting Keywords,Risk,Implementation Status
promotional products for coaching institutes,Modifier / Commercial,P1,https://www.coachingpromo.in/,Existing page retained as canonical owner.,Maintain and improve the existing canonical page with verified product facts.,https://www.coachingpromo.in/,promotional products for coaching centers | customized promotional products India | custom promotional products India | promotional merchandise India | promotional merchandise supplier India | promotional products supplier India | promotional products manufacturer India | bulk promotional products India | customized merchandise India | custom merchandise India | branded merchandise India | institute merchandise India | coaching institute merchandise | coaching centre merchandise | branded merchandise for coaching institutes | custom merchandise for coaching institutes | customized products for coaching institutes | institute branding products | educational branding products | institute promotional items | coaching promotional items | educational promotional products | bulk customized products India | customized products supplier India | customised promotional products India | customised merchandise India | promotional items for coaching institutes | merchandise for coaching institutes | coaching institute branding products | coaching institute promotional products | coaching institute promotional items | coaching institute merchandise supplier | coaching institute merchandise manufacturer | coaching institute stationery | coaching institute uniforms | coaching institute jackets | coaching institute promotional kit | coaching institute marketing products | promotional products for coaching classes | promotional products for coaching centres | merchandise for coaching classes | coaching classes promotional products | promotional products for IIT coaching institutes | promotional products for NEET coaching institutes | IIT JEE coaching merchandise | NEET coaching merchandise | UPSC coaching institute merchandise | SSC coaching institute merchandise | banking coaching institute merchandise | competitive exam coaching promotional products | education academy promotional products | training institute promotional products | skill development institute merchandise | academic gowns India | university gowns India | graduation hood | academic hood | certificate holder with logo | promotional products wholesale price | promotional merchandise quotation | customized merchandise MOQ | low MOQ promotional products India | promotional products minimum order quantity | cheap promotional products India | affordable promotional merchandise | wholesale promotional products India | promotional merchandise supplier | customized merchandise manufacturer | institute uniform manufacturer India | promotional products Delhi | promotional products Delhi NCR | promotional products Noida | promotional products Gurgaon | promotional products Kota | coaching institute merchandise Kota | coaching institute promotional products Delhi | India | pan India | across India | Delhi | New Delhi | Delhi NCR | Noida | Greater Noida | Gurgaon | Gurugram | Ghaziabad | Faridabad | Kota | Jaipur | Lucknow | Kanpur | Prayagraj | Varanasi | Patna | Ranchi | Indore | Bhopal | Pune | Mumbai | Nagpur | Ahmedabad | Surat | Vadodara | Bengaluru | Bangalore | Hyderabad | Chennai | Kolkata | Chandigarh | Ludhiana | Dehradun | Guwahati | promotional products near me | printing services near me | custom merchandise near me | promotional merchandise near me | institute ke liye promotional products | price | cost | wholesale price | bulk price | lowest price | best price | quotation | quote | MOQ | minimum order quantity | bulk order | manufacturer | manufacturers | supplier | suppliers | wholesaler | wholesale | exporter | dealer | vendor | company | printing company,Medium if split into standalone pages; controlled by consolidation,Mapped — no independent page
custom merchandise for educational institutions,Commercial,P0,,No distinct authoritative page existed for this intent.,Publish the implemented authoritative page and monitor query/page performance.,https://www.coachingpromo.in/solutions/custom-merchandise-for-educational-institutions,promotional products for educational institutions | educational institute merchandise,Low after consolidation,Implemented — new authoritative page
school merchandise India,Commercial,P1,,No distinct authoritative page existed for this intent.,Publish the implemented authoritative page and monitor query/page performance.,https://www.coachingpromo.in/industries/schools,promotional products for schools | school promotional items | corporate gifts for schools | school promotional products | custom merchandise for schools | branded merchandise for schools | customized school products | school staff uniforms | teacher uniforms | school hoodies | school t shirts with logo | school notebooks with logo | custom school diaries | school student kits | school admission kits | school welcome kits | school awards and trophies,Low after consolidation,Implemented — new authoritative page
college merchandise India,Commercial,P1,,No distinct authoritative page existed for this intent.,Publish the implemented authoritative page and monitor query/page performance.,https://www.coachingpromo.in/industries/colleges-universities,promotional products for colleges | promotional products for universities | university merchandise India | college promotional items | corporate gifts for colleges | college promotional products | custom college merchandise | university merchandise | college branded merchandise | college t shirts | college hoodies | college jackets | college society merchandise | custom college bags | college notebooks | college welcome kits | college admission kits | graduation merchandise | convocation merchandise | alumni merchandise | college club merchandise,Low after consolidation,Implemented — new authoritative page
corporate gifting for educational institutions,Commercial,P1,,No distinct authoritative page existed for this intent.,Publish the implemented authoritative page and monitor query/page performance.,https://www.coachingpromo.in/solutions/corporate-gifting-for-educational-institutions,promotional gift items for institutes | promotional gifts for educational institutions | institutional gifting solutions | educational institute gifts | coaching institute gifts | coaching institute corporate gifts | corporate gifts India | corporate gifting India | customized corporate gifts India | corporate gifting company India | corporate gift supplier India | corporate gifts manufacturer India | bulk corporate gifts India | branded corporate gifts | corporate gift items with logo | gifts for teachers in bulk | faculty gifts | employee gifts for educational institutions | staff gifting ideas | teacher appreciation gifts bulk | institutional gifts | institute gifting solutions | promotional gift manufacturer India | corporate gift manufacturer India | promotional gift supplier Delhi | promotional gift supplier near me | corporate gift supplier near me | New Year corporate gifts | teachers day gifts bulk | corporate gifts for teachers | personalized teachers day gifts | teacher appreciation gifts,Low after consolidation,Implemented — new authoritative page
custom bags,Mixed-language commercial,P2,https://www.coachingpromo.in/categories/bags,Existing page retained as canonical owner.,Maintain and improve the existing canonical page with verified product facts.,https://www.coachingpromo.in/categories/bags,coaching institute bags | coaching classes bags | custom bags India | customized bags India | promotional bags India | branded bags India | bulk bags India | logo printed bags | custom logo bags | institute bags | school bags with logo | school bags bulk order | college bags customized | laptop bags with logo | messenger bags with logo | customized messenger bags | institute messenger bags | eco friendly promotional bags | eco friendly bags with logo | sustainable promotional bags India | institute bags bulk price | custom bag manufacturer India | custom bags near me | coaching institute bag,Low after consolidation,Implemented — mapped to existing canonical page
custom backpacks India,Commercial,P1,https://www.coachingpromo.in/bags/institute-backpacks,Existing page retained as canonical owner.,Maintain and improve the existing canonical page with verified product facts.,https://www.coachingpromo.in/bags/institute-backpacks,coaching institute backpacks | custom backpacks for coaching institutes | customized backpacks India | university backpacks | student backpacks with logo | promotional backpacks | branded backpacks India | backpacks for students bulk | staff backpacks with logo,Low after consolidation,Implemented — mapped to existing canonical page
custom notebooks India,Mixed-language commercial,P2,https://www.coachingpromo.in/stationery/notebook,Existing page retained as canonical owner.,Maintain and improve the existing canonical page with verified product facts.,https://www.coachingpromo.in/stationery/notebook,coaching institute notebooks | coaching classes notebooks | customized notebooks India | personalised notebooks India | printed notebooks India | notebooks with logo India | branded notebooks India | promotional notebooks India | corporate notebooks India | custom notebook printing | bulk notebook printing India | custom notebooks bulk | notebook manufacturer India | customized notebook manufacturer | customized notebook supplier | promotional notebook supplier | custom logo notebooks | custom notebooks for students | custom notebooks for coaching institutes | institute notebooks | school notebooks customized | college notebooks customized | university notebooks | student notebooks with institute logo | admission notebooks | seminar notebooks | event notebooks | workshop notebooks | training notebooks | branded notebooks for institutes | custom study notebooks | custom exercise books | student workbook printing | customized workbook printing | customized notebooks price India | custom notebooks Delhi | custom notebooks Noida | customized notebook supplier near me | notebook printing bulk,Low after consolidation,Implemented — mapped to existing canonical page
customized diaries India,Mixed-language commercial,P2,https://www.coachingpromo.in/promotional-items/diary-set,Existing page retained as canonical owner.,Maintain and improve the existing canonical page with verified product facts.,https://www.coachingpromo.in/promotional-items/diary-set,coaching institute diaries | custom diaries India | branded diaries India | corporate diaries India | promotional diaries India | diary printing India | customized diary with logo | diary with company logo | logo printed diaries | bulk diaries India | corporate diary supplier India | corporate diary manufacturer India | diary manufacturer Delhi | custom diaries Delhi | diary supplier Delhi NCR | New Year diaries | customized New Year diaries | corporate New Year diary | diary gift set | customized diary set | diary pen gift set | diary and pen set with logo | institute branded diaries | school diaries customized | college diaries customized | student diaries | teacher diaries | faculty diaries | corporate diaries bulk price | diary manufacturer India | customized diaries Delhi | corporate diaries 2027 | customized diary with logo price,Low after consolidation,Implemented — mapped to existing canonical page
customized water bottles India,Commercial,P0,https://www.coachingpromo.in/promotional-items/water-bottle,Existing page retained as canonical owner.,Maintain and improve the existing canonical page with verified product facts.,https://www.coachingpromo.in/promotional-items/water-bottle,coaching institute bottles | custom water bottles India | promotional bottles India | branded water bottles India | water bottles with logo | logo printed water bottles | bulk water bottles India | custom bottles for students | school water bottles customized | college water bottles | student water bottle with logo | institute water bottles | promotional sippers India | customized sippers India | sipper bottles with logo | corporate water bottles | custom stainless steel bottles | personalized bottles India | bottle printing India | water bottle supplier India,Low after consolidation,Implemented — mapped to existing canonical page
custom t shirts India,Mixed-language commercial,P2,https://www.coachingpromo.in/apparel-accessories/round-neck-t-shirts,Existing page retained as canonical owner.,Maintain and improve the existing canonical page with verified product facts.,https://www.coachingpromo.in/apparel-accessories/round-neck-t-shirts,coaching institute t shirts | coaching classes t shirt | coaching classes t shirt design | customized t shirts India | custom t shirt printing India | t shirt printing India | bulk t shirt printing India | custom t shirts bulk India | personalized t shirts bulk India | branded t shirts India | logo printed t shirts India | custom logo t shirts India | corporate t shirts India | promotional t shirts India | institute t shirts | school t shirts customized | college t shirts customized | custom t shirts for coaching institutes | coaching institute t shirt printing | t shirt for coaching institute | t shirt for coaching classes | custom t shirts for students | institute logo t shirts | student batch t shirts | custom t shirts for college students | custom t shirts for colleges | custom school t shirts | custom university t shirts | faculty t shirts with logo | staff t shirts with logo | event t shirts for colleges | seminar t shirts bulk | orientation t shirts for colleges | custom t shirts wholesale price | custom t shirt manufacturer India | customized t shirts Delhi | t shirt printing Noida | bulk t shirt printing Gurgaon | custom t shirt printing near me | coaching institute ke liye t shirt | logo wali t shirt,Low after consolidation,Implemented — mapped to existing canonical page
custom polo t shirts India,Commercial,P1,https://www.coachingpromo.in/apparel-accessories/polo-t-shirts,Existing page retained as canonical owner.,Maintain and improve the existing canonical page with verified product facts.,https://www.coachingpromo.in/apparel-accessories/polo-t-shirts,coaching institute polo t shirts | customized polo t shirts India | polo t shirts with logo India | bulk polo t shirts India | polo t shirt printing India | embroidered polo t shirts India | corporate polo t shirts India | institute polo t shirts | custom polo t shirts for coaching institutes | school polo t shirts with logo | college polo t shirts with logo | staff polo t shirts | faculty polo t shirts | teacher polo t shirts | branded polo t shirts bulk | promotional polo shirts India | customized collared t shirts India | collared t shirts with logo | uniform polo t shirts India,Low after consolidation,Implemented — mapped to existing canonical page
custom hoodies for coaching institutes,Mixed-language commercial,P2,https://www.coachingpromo.in/custom-hoodies-for-coaching-institutes,Existing page retained as canonical owner.,Maintain and improve the existing canonical page with verified product facts.,https://www.coachingpromo.in/custom-hoodies-for-coaching-institutes,coaching institute hoodies | custom hoodies India | customized hoodies India | custom hoodie printing India | hoodie printing India | bulk hoodies India | custom hoodies bulk India | hoodies with logo India | branded hoodies India | embroidered hoodies India | custom embroidered hoodies | printed hoodies India | custom sweatshirts India | customized sweatshirts India | sweatshirt printing India | bulk sweatshirt printing India | custom winter wear India | custom hoodies for coaching centres | institute hoodies | college hoodies India | custom college hoodies India | college hoodies with logo | university hoodies India | school hoodies India | custom hoodies for students | student batch hoodies | personalized hoodies for student batches | faculty hoodies | teacher hoodies | coaching centre winter uniforms | school winter jackets | college winter jackets | coaching institute winter jackets | winter uniforms for coaching centres | branded winter wear for institutes | custom hoodies with logo in bulk India | bulk hoodie printing India | premium 300 GSM hoodies with institute logo | 300 GSM hoodie manufacturer India | fleece hoodies with logo printing | logo printed jackets in bulk | embroidered hoodies for institutes | custom zipper hoodies bulk India | bulk pullover hoodies for students | custom varsity jackets for colleges | college society hoodies | college fest hoodies | coaching institute hoodie supplier | custom hoodie manufacturer India | custom hoodies bulk price India | hoodie manufacturer India | custom hoodies Delhi | custom hoodies Delhi NCR | custom hoodies Noida | custom hoodies Gurgaon | custom hoodies Kota | custom hoodie printing near me | winter promotional products | institute winter jackets | coaching institute winter wear | school winter uniforms | customized winter jackets | custom hoodies winter bulk | logo printed hoodie | customised hoodie price,Low after consolidation,Implemented — mapped to existing canonical page
teacher jackets,Commercial,P1,https://www.coachingpromo.in/apparel-accessories/uniform-jackets,Existing page retained as canonical owner.,Maintain and improve the existing canonical page with verified product facts.,https://www.coachingpromo.in/apparel-accessories/uniform-jackets,coaching institute staff uniforms | coaching institute teacher jackets | teacher jacket | jackets for teachers | teacher jackets with logo | custom teacher jackets | customized teacher jackets | teacher winter jackets | faculty jackets | faculty jackets with logo | staff jackets with logo | school staff jackets | school staff winter jackets | coaching staff jackets | institute staff uniforms | faculty uniforms | teacher uniforms India | winter uniform for teachers | customised staff jackets | corporate jackets with logo | branded jackets for staff | staff winter uniforms | custom Nehru jackets | Nehru jackets with logo | staff Nehru jackets | institute Nehru jackets,Low after consolidation,Implemented — mapped to existing canonical page
student welcome kits,Commercial,P1,,No distinct authoritative page existed for this intent.,Publish the implemented authoritative page and monitor query/page performance.,https://www.coachingpromo.in/solutions/student-welcome-kits,coaching institute welcome kits | coaching institute student kits | coaching institute admission kits | coaching institute orientation kits | student kit bags | admission kit bags | orientation kit bags | student welcome kit | student welcome kits India | customized student welcome kit | student onboarding kit | college welcome kit | university welcome kit | school welcome kit | coaching institute welcome kit | coaching centre student kit | student kit for coaching institutes | admission kit for students | admission welcome kit | student starter kit | new student kit | orientation kit for students | college orientation kits | institute orientation kits | customized orientation kits | branded student kits | student merchandise kits | educational welcome kits | institute onboarding kits | college onboarding kits | university onboarding kits | student induction kits | admission promotional products | admission campaign merchandise | admission kit for coaching institutes | college admission kit | school admission kit | student admission gifts | promotional items for admission campaign | education marketing merchandise | institute branding merchandise | coaching centre branding products | school branding products | college branding merchandise | university branding products | student engagement merchandise | student promotional products | campus promotional products | student welcome kit price | custom student kits Delhi NCR | admission kits | institute admission gifts,Low after consolidation,Implemented — new authoritative page
custom tote bags India,Commercial,P1,https://www.coachingpromo.in/bags/tote-bag,Existing page retained as canonical owner.,Maintain and improve the existing canonical page with verified product facts.,https://www.coachingpromo.in/bags/tote-bag,customized tote bags India | printed tote bags India | tote bags with logo | promotional tote bags | bulk tote bags India | institute tote bags | coaching institute tote bags | college tote bags | school tote bags | student tote bags | canvas tote bags printed | cotton tote bags customized,Low after consolidation,Implemented — mapped to existing canonical page
custom jute bags India,Commercial,P1,https://www.coachingpromo.in/bags/jute-bag,Existing page retained as canonical owner.,Maintain and improve the existing canonical page with verified product facts.,https://www.coachingpromo.in/bags/jute-bag,jute bags India | customized jute bags with logo | promotional jute bags India | bulk jute bags India,Low after consolidation,Implemented — mapped to existing canonical page
custom notepads India,Commercial,P1,https://www.coachingpromo.in/stationery/notepad,Existing page retained as canonical owner.,Maintain and improve the existing canonical page with verified product facts.,https://www.coachingpromo.in/stationery/notepad,customized notepads India | printed notepads India | personalized notepads India | branded notepads India | promotional notepads India | notepad printing India | bulk notepad printing | custom logo notepads | company logo notepads | coaching institute notepad | college notepads | school notepads | student notepads | custom writing pads | promotional writing pads,Low after consolidation,Implemented — mapped to existing canonical page
customized planners India,Commercial,P1,https://www.coachingpromo.in/promotional-items/planner,Existing page retained as canonical owner.,Maintain and improve the existing canonical page with verified product facts.,https://www.coachingpromo.in/promotional-items/planner,custom planners India | corporate planners India | promotional planners | branded planners | planner with logo | custom planner printing | student planner India | academic planner India | institute planner | coaching institute planner | school planner | college planner | teacher planner | student organizer | promotional organizers India,Low after consolidation,Implemented — mapped to existing canonical page
promotional pens India,Commercial,P1,https://www.coachingpromo.in/stationery/customized-pens,Existing page retained as canonical owner.,Maintain and improve the existing canonical page with verified product facts.,https://www.coachingpromo.in/stationery/customized-pens,customized pens India | custom pens India | personalised pens India | branded pens India | logo printed pens India | custom pens with logo | bulk customized pens | corporate pens India | promotional pen supplier India | pen branding India | coaching institute pens | school pens customized | college pens customized | student pens with logo | institute branded pens | custom pen and notebook set,Low after consolidation,Implemented — mapped to existing canonical page
promotional mugs India,Commercial,P1,https://www.coachingpromo.in/promotional-items/mug,Existing page retained as canonical owner.,Maintain and improve the existing canonical page with verified product facts.,https://www.coachingpromo.in/promotional-items/mug,customized mugs India | custom mugs India | printed mugs India | mugs with logo India | corporate mugs India | branded mugs | logo printed mugs | bulk customized mugs | institute mugs | coaching institute mugs | school mugs | college mugs | faculty mugs | teacher gift mugs,Low after consolidation,Implemented — mapped to existing canonical page
customized trophies India,Local Transactional,P1,https://www.coachingpromo.in/promotional-items/trophy,Existing page retained as canonical owner.,Maintain and improve the existing canonical page with verified product facts.,https://www.coachingpromo.in/promotional-items/trophy,trophy manufacturer India | trophy supplier India | customized trophy India | custom trophy India | trophies in bulk | corporate trophies India | promotional trophies | award trophy manufacturer | award manufacturer India | customised awards India | school trophies | college trophies | coaching institute trophies | student award trophies | academic trophies | educational trophies | competition trophies | seminar trophies | event trophies | wooden trophy India | customized wooden trophies | wooden awards India | trophies bulk price | trophy manufacturer Delhi | trophy shop near me | trophy manufacturer near me,Medium if split into standalone pages; controlled by consolidation,Mapped — no independent page
custom medals India,Commercial,P1,https://www.coachingpromo.in/promotional-items/medals,Existing page retained as canonical owner.,Maintain and improve the existing canonical page with verified product facts.,https://www.coachingpromo.in/promotional-items/medals,customized medals India | school medals | sports medals bulk | college medals,Low after consolidation,Implemented — mapped to existing canonical page
custom badges India,Commercial,P1,https://www.coachingpromo.in/promotional-items/badges,Existing page retained as canonical owner.,Maintain and improve the existing canonical page with verified product facts.,https://www.coachingpromo.in/promotional-items/badges,badges with logo | student badges | institute badges,Low after consolidation,Implemented — mapped to existing canonical page
graduation gowns India,Commercial,P1,https://www.coachingpromo.in/apparel-accessories/graduation-gown,Existing page retained as canonical owner.,Maintain and improve the existing canonical page with verified product facts.,https://www.coachingpromo.in/apparel-accessories/graduation-gown,graduation gown India | graduation gown supplier India | graduation gown manufacturer India | graduation gowns bulk | university graduation gowns | graduation gown supplier,Low after consolidation,Implemented — mapped to existing canonical page
convocation products,Commercial,P1,,No distinct authoritative page existed for this intent.,Publish the implemented authoritative page and monitor query/page performance.,https://www.coachingpromo.in/solutions/convocation-products,convocation gowns India | convocation gown supplier | college convocation gowns | convocation caps | convocation dress supplier | convocation stole | convocation folder | convocation gifts,Low after consolidation,Implemented — new authoritative page
graduation caps India,Commercial,P1,https://www.coachingpromo.in/apparel-accessories/graduation-hat,Existing page retained as canonical owner.,Maintain and improve the existing canonical page with verified product facts.,https://www.coachingpromo.in/apparel-accessories/graduation-hat,graduation hats India | graduation cap and gown India,Low after consolidation,Implemented — mapped to existing canonical page
graduation stoles India,Commercial,P1,https://www.coachingpromo.in/apparel-accessories/graduation-stole,Existing page retained as canonical owner.,Maintain and improve the existing canonical page with verified product facts.,https://www.coachingpromo.in/apparel-accessories/graduation-stole,graduation stoles | custom graduation stoles | graduation sash | custom graduation sash,Low after consolidation,Implemented — mapped to existing canonical page
degree certificate folders,Commercial,P1,https://www.coachingpromo.in/stationery/graduation-degree-folders,Existing page retained as canonical owner.,Maintain and improve the existing canonical page with verified product facts.,https://www.coachingpromo.in/stationery/graduation-degree-folders,degree folder India | graduation degree folders | certificate folders India | customised degree folders | university degree folder | certificate folders | graduation folders,Low after consolidation,Implemented — mapped to existing canonical page
customized folders India,Commercial,P1,https://www.coachingpromo.in/stationery/branding-files-and-folders,Existing page retained as canonical owner.,Maintain and improve the existing canonical page with verified product facts.,https://www.coachingpromo.in/stationery/branding-files-and-folders,custom file folders India | branded folders India | promotional folders India | corporate folders India | document folders with logo | institute file folders | coaching institute folders | school folders | college folders | admission folders | student folders | seminar folders | conference folders | custom presentation folders | personalized folders India,Low after consolidation,Implemented — mapped to existing canonical page
custom lanyards and ID cards,Commercial,P1,https://www.coachingpromo.in/stationery/lanyard-and-id-card,Existing page retained as canonical owner.,Maintain and improve the existing canonical page with verified product facts.,https://www.coachingpromo.in/stationery/lanyard-and-id-card,custom lanyards India | customized lanyards India | printed lanyards India | lanyard manufacturer India | lanyards with logo | institute lanyards | coaching institute lanyards | school lanyards | college lanyards | student lanyards | ID cards for coaching institutes | customized ID cards India | student ID cards | school ID cards | college ID cards | employee ID cards | ID card and lanyard supplier,Low after consolidation,Implemented — mapped to existing canonical page
event merchandise for educational institutions,Commercial,P1,,No distinct authoritative page existed for this intent.,Publish the implemented authoritative page and monitor query/page performance.,https://www.coachingpromo.in/solutions/event-merchandise-for-educational-institutions,custom event merchandise India | event merchandise supplier | promotional products for events | event branding products | custom merchandise for college fest | college fest merchandise | university fest merchandise | student fest merchandise | seminar merchandise | conference merchandise India | workshop merchandise | orientation event merchandise | education event merchandise | institutional event gifts | seminar giveaway items | college event giveaway | school event merchandise | institute event kits | event welcome kits,Low after consolidation,Implemented — new authoritative page
training institute merchandise,Commercial,P1,,No distinct authoritative page existed for this intent.,Publish the implemented authoritative page and monitor query/page performance.,https://www.coachingpromo.in/industries/training-institutes,promotional products for training institutes | training centre merchandise | academy promotional products | academy merchandise | educational academy merchandise | computer institute promotional products | vocational training institute merchandise | language institute merchandise | corporate training merchandise | training kits customized | workshop kits India | seminar kits India,Low after consolidation,Implemented — new authoritative page
logo printing India,Commercial / Informational,P1,,No distinct authoritative page existed for this intent.,Publish the implemented authoritative page and monitor query/page performance.,https://www.coachingpromo.in/guides/custom-merchandise-branding-methods,screen printing India | t shirt screen printing | hoodie screen printing | embroidery services India | custom logo embroidery | logo embroidery on jackets | logo embroidery on hoodies | DTF printing India | DTF t shirt printing | heat transfer printing | sublimation printing India | custom merchandise printing | promotional product printing | corporate branding printing | institute logo printing | bulk logo printing,Low after consolidation,Implemented — new authoritative page
eco friendly promotional products India,Commercial,P1,,No distinct authoritative page existed for this intent.,Publish the implemented authoritative page and monitor query/page performance.,https://www.coachingpromo.in/solutions/eco-friendly-promotional-products,sustainable promotional products India | eco friendly corporate gifts India | sustainable corporate gifts India | eco friendly merchandise India | sustainable merchandise India | eco friendly student kits | sustainable welcome kits | eco friendly notebooks | recycled notebooks with logo | jute bags with logo | reusable bottles with logo | sustainable gifts for schools | eco friendly gifts for colleges,Low after consolidation,Implemented — new authoritative page
promotional product ideas for coaching institutes,Informational,P2,,No distinct authoritative page existed for this intent.,Publish the implemented authoritative page and monitor query/page performance.,https://www.coachingpromo.in/guides/promotional-product-planning-for-coaching-institutes,best promotional products for coaching institutes | coaching institute marketing ideas | coaching institute branding ideas | merchandise ideas for coaching institutes | school promotional product ideas | best gifts for students | screen printing vs embroidery,Low after consolidation,Implemented — new authoritative page
what to include in student welcome kit,Informational,P2,,No distinct authoritative page existed for this intent.,Publish the implemented authoritative page and monitor query/page performance.,https://www.coachingpromo.in/guides/student-welcome-kit-checklist,best student welcome kit ideas | employee welcome kit vs student welcome kit,Low after consolidation,Implemented — new authoritative page
orientation gift ideas for colleges,Informational,P2,,No distinct authoritative page existed for this intent.,Publish the implemented authoritative page and monitor query/page performance.,https://www.coachingpromo.in/guides/admission-and-orientation-merchandise-ideas,student orientation kit ideas | promotional products for student admissions | merchandise for educational events | promotional merchandise for seminars,Low after consolidation,Implemented — new authoritative page
college merchandise ideas,Informational,P2,,No distinct authoritative page existed for this intent.,Publish the implemented authoritative page and monitor query/page performance.,https://www.coachingpromo.in/guides/college-merchandise-ideas,college fest merchandise ideas | branded merchandise ideas for colleges,Low after consolidation,Implemented — new authoritative page
best hoodies for coaching institutes in winter,Informational,P2,https://www.coachingpromo.in/blogs/best-hoodies-for-coaching-institutes-in-winter,Existing page retained as canonical owner.,Maintain and improve the existing canonical page with verified product facts.,https://www.coachingpromo.in/blogs/best-hoodies-for-coaching-institutes-in-winter,how to choose custom hoodies,Low after consolidation,Implemented — mapped to existing canonical page
hoodie printing vs embroidery for institute logos,Informational,P2,https://www.coachingpromo.in/blogs/hoodie-printing-vs-embroidery-for-institute-logos,Existing page retained as canonical owner.,Maintain and improve the existing canonical page with verified product facts.,https://www.coachingpromo.in/blogs/hoodie-printing-vs-embroidery-for-institute-logos,,Low after consolidation,Implemented — mapped to existing canonical page
best GSM for hoodies,Informational,P2,https://www.coachingpromo.in/blogs/best-gsm-for-winter-hoodies-in-india,Existing page retained as canonical owner.,Maintain and improve the existing canonical page with verified product facts.,https://www.coachingpromo.in/blogs/best-gsm-for-winter-hoodies-in-india,250 GSM vs 300 GSM hoodies,Low after consolidation,Implemented — mapped to existing canonical page
how much do custom hoodies cost in India,Informational,P2,https://www.coachingpromo.in/blogs/how-much-do-custom-hoodies-cost-in-bulk,Existing page retained as canonical owner.,Maintain and improve the existing canonical page with verified product facts.,https://www.coachingpromo.in/blogs/how-much-do-custom-hoodies-cost-in-bulk,,Low after consolidation,Implemented — mapped to existing canonical page
custom t shirt printing methods,Informational,P2,,No distinct authoritative page existed for this intent.,Publish the implemented authoritative page and monitor query/page performance.,https://www.coachingpromo.in/guides/custom-t-shirt-printing-guide,best fabric for institute t shirts | polo t shirt vs round neck for staff uniforms | how to design coaching institute t shirts,Low after consolidation,Implemented — new authoritative page
spiral vs hardbound notebooks,Informational,P2,,No distinct authoritative page existed for this intent.,Publish the implemented authoritative page and monitor query/page performance.,https://www.coachingpromo.in/guides/notebook-printing-guide,best notebooks for coaching institutes | customized notebook printing cost,Low after consolidation,Implemented — new authoritative page
how promotional products improve institute branding,Informational,P2,,No distinct authoritative page existed for this intent.,Publish the implemented authoritative page and monitor query/page performance.,https://www.coachingpromo.in/guides/how-branded-merchandise-supports-institute-branding,benefits of branded merchandise for schools,Low after consolidation,Implemented — new authoritative page
customized calendars India,Commercial,P1,https://www.coachingpromo.in/stationery/table-calendar,Existing page retained as canonical owner.,Maintain and improve the existing canonical page with verified product facts.,https://www.coachingpromo.in/stationery/table-calendar,branded calendars 2027 | customized calendars 2027,Low after consolidation,Implemented — mapped to existing canonical page
