Keyword,Cluster,Intent,Priority,Recommended Page Type,Notes
promotional products for coaching institutes,Core / Money Keywords,Commercial,P0,Commercial landing/category page,Also appears in: Coaching Institute Specific
promotional products for coaching centers,Core / Money Keywords,Commercial,P0,Commercial landing/category page,
promotional products for educational institutions,Core / Money Keywords,Commercial,P0,Commercial landing/category page,
promotional products for schools,Core / Money Keywords,Commercial,P0,Commercial landing/category page,Also appears in: School Focused
promotional products for colleges,Core / Money Keywords,Commercial,P0,Commercial landing/category page,Also appears in: College / University Focused
promotional products for universities,Core / Money Keywords,Commercial,P0,Commercial landing/category page,
customized promotional products India,Core / Money Keywords,Commercial,P0,Commercial landing/category page,
custom promotional products India,Core / Money Keywords,Commercial,P0,Commercial landing/category page,
promotional merchandise India,Core / Money Keywords,Commercial,P0,Commercial landing/category page,
promotional merchandise supplier India,Core / Money Keywords,Commercial,P0,Commercial landing/category page,
promotional products supplier India,Core / Money Keywords,Commercial,P0,Commercial landing/category page,Also appears in: Supplier / Manufacturer / Wholesaler
promotional products manufacturer India,Core / Money Keywords,Commercial,P0,Commercial landing/category page,Also appears in: Supplier / Manufacturer / Wholesaler
bulk promotional products India,Core / Money Keywords,Commercial,P0,Commercial landing/category page,
customized merchandise India,Core / Money Keywords,Commercial,P0,Commercial landing/category page,
custom merchandise India,Core / Money Keywords,Commercial,P0,Commercial landing/category page,
branded merchandise India,Core / Money Keywords,Commercial,P0,Commercial landing/category page,
institute merchandise India,Core / Money Keywords,Commercial,P0,Commercial landing/category page,
educational institute merchandise,Core / Money Keywords,Commercial,P0,Commercial landing/category page,
coaching institute merchandise,Core / Money Keywords,Commercial,P0,Commercial landing/category page,
coaching centre merchandise,Core / Money Keywords,Commercial,P0,Commercial landing/category page,
school merchandise India,Core / Money Keywords,Commercial,P0,Commercial landing/category page,Also appears in: School Focused
college merchandise India,Core / Money Keywords,Commercial,P0,Commercial landing/category page,Also appears in: College / University Focused
university merchandise India,Core / Money Keywords,Commercial,P0,Commercial landing/category page,
branded merchandise for coaching institutes,Core / Money Keywords,Commercial,P0,Commercial landing/category page,Also appears in: Coaching Institute Specific
custom merchandise for coaching institutes,Core / Money Keywords,Commercial,P0,Commercial landing/category page,Also appears in: Coaching Institute Specific
customized products for coaching institutes,Core / Money Keywords,Commercial,P0,Commercial landing/category page,Also appears in: Coaching Institute Specific
institute branding products,Core / Money Keywords,Commercial,P0,Commercial landing/category page,
educational branding products,Core / Money Keywords,Commercial,P0,Commercial landing/category page,
institute promotional items,Core / Money Keywords,Commercial,P0,Commercial landing/category page,
coaching promotional items,Core / Money Keywords,Commercial,P0,Commercial landing/category page,
school promotional items,Core / Money Keywords,Commercial,P0,Commercial landing/category page,Also appears in: School Focused
college promotional items,Core / Money Keywords,Commercial,P0,Commercial landing/category page,Also appears in: College / University Focused
educational promotional products,Core / Money Keywords,Commercial,P0,Commercial landing/category page,
promotional gift items for institutes,Core / Money Keywords,Commercial,P0,Commercial landing/category page,
promotional gifts for educational institutions,Core / Money Keywords,Commercial,P0,Commercial landing/category page,
corporate gifting for educational institutions,Core / Money Keywords,Commercial,P0,Commercial landing/category page,Also appears in: Corporate / Educational Gifting
corporate gifts for schools,Core / Money Keywords,Commercial,P0,Commercial landing/category page,Also appears in: Corporate / Educational Gifting
corporate gifts for colleges,Core / Money Keywords,Commercial,P0,Commercial landing/category page,Also appears in: Corporate / Educational Gifting
institutional gifting solutions,Core / Money Keywords,Commercial,P0,Commercial landing/category page,
educational institute gifts,Core / Money Keywords,Commercial,P0,Commercial landing/category page,
bulk customized products India,Core / Money Keywords,Commercial,P0,Commercial landing/category page,
customized products supplier India,Core / Money Keywords,Commercial,P0,Commercial landing/category page,
customised promotional products India,Core / Money Keywords,Commercial,P0,Commercial landing/category page,
customised merchandise India,Core / Money Keywords,Commercial,P0,Commercial landing/category page,
promotional items for coaching institutes,Coaching Institute Specific,Commercial,P0,Commercial landing/category page,
merchandise for coaching institutes,Coaching Institute Specific,Commercial,P0,Commercial landing/category page,
coaching institute branding products,Coaching Institute Specific,Commercial,P0,Commercial landing/category page,
coaching institute promotional products,Coaching Institute Specific,Commercial,P0,Commercial landing/category page,
coaching institute promotional items,Coaching Institute Specific,Commercial,P0,Commercial landing/category page,
coaching institute merchandise supplier,Coaching Institute Specific,Commercial,P0,Commercial landing/category page,
coaching institute merchandise manufacturer,Coaching Institute Specific,Commercial,P0,Commercial landing/category page,
coaching institute gifts,Coaching Institute Specific,Commercial,P0,Commercial landing/category page,
coaching institute corporate gifts,Coaching Institute Specific,Commercial,P0,Commercial landing/category page,
coaching institute stationery,Coaching Institute Specific,Commercial,P0,Commercial landing/category page,
coaching institute bags,Coaching Institute Specific,Commercial,P0,Commercial landing/category page,Also appears in: Backpacks / Bags
coaching institute backpacks,Coaching Institute Specific,Commercial,P0,Commercial landing/category page,Also appears in: Backpacks / Bags
coaching institute notebooks,Coaching Institute Specific,Commercial,P0,Commercial landing/category page,Also appears in: Notebooks
coaching institute diaries,Coaching Institute Specific,Commercial,P0,Commercial landing/category page,Also appears in: Diaries
coaching institute bottles,Coaching Institute Specific,Commercial,P0,Commercial landing/category page,Also appears in: Bottles / Drinkware
coaching institute t shirts,Coaching Institute Specific,Commercial,P0,Commercial landing/category page,Also appears in: Custom T-Shirts
coaching institute polo t shirts,Coaching Institute Specific,Commercial,P0,Commercial landing/category page,Also appears in: Polo T-Shirts
coaching institute uniforms,Coaching Institute Specific,Commercial,P0,Commercial landing/category page,Also appears in: Teacher Jackets / Staff Uniforms
coaching institute jackets,Coaching Institute Specific,Commercial,P0,Commercial landing/category page,
coaching institute hoodies,Coaching Institute Specific,Commercial,P0,Commercial landing/category page,Also appears in: Hoodies / Sweatshirts / Winter Wear
coaching institute staff uniforms,Coaching Institute Specific,Commercial,P0,Commercial landing/category page,
coaching institute teacher jackets,Coaching Institute Specific,Commercial,P0,Commercial landing/category page,Also appears in: Teacher Jackets / Staff Uniforms
coaching institute welcome kits,Coaching Institute Specific,Commercial,P0,Commercial landing/category page,
coaching institute student kits,Coaching Institute Specific,Commercial,P0,Commercial landing/category page,
coaching institute admission kits,Coaching Institute Specific,Commercial,P0,Commercial landing/category page,
coaching institute orientation kits,Coaching Institute Specific,Commercial,P0,Commercial landing/category page,
coaching institute promotional kit,Coaching Institute Specific,Commercial,P0,Commercial landing/category page,
coaching institute marketing products,Coaching Institute Specific,Commercial,P0,Commercial landing/category page,Also appears in: Admissions / Marketing
promotional products for coaching classes,Coaching Institute Specific,Commercial,P0,Commercial landing/category page,
promotional products for coaching centres,Coaching Institute Specific,Commercial,P0,Commercial landing/category page,
merchandise for coaching classes,Coaching Institute Specific,Commercial,P0,Commercial landing/category page,
coaching classes t shirt,Coaching Institute Specific,Commercial,P0,Commercial landing/category page,
coaching classes t shirt design,Coaching Institute Specific,Commercial,P0,Commercial landing/category page,Also appears in: Custom T-Shirts
coaching classes bags,Coaching Institute Specific,Commercial,P0,Commercial landing/category page,
coaching classes notebooks,Coaching Institute Specific,Commercial,P0,Commercial landing/category page,
coaching classes promotional products,Coaching Institute Specific,Commercial,P0,Commercial landing/category page,
promotional products for IIT coaching institutes,Coaching Institute Specific,Commercial,P0,Commercial landing/category page,
promotional products for NEET coaching institutes,Coaching Institute Specific,Commercial,P0,Commercial landing/category page,
IIT JEE coaching merchandise,Coaching Institute Specific,Commercial,P0,Commercial landing/category page,
NEET coaching merchandise,Coaching Institute Specific,Commercial,P0,Commercial landing/category page,
UPSC coaching institute merchandise,Coaching Institute Specific,Commercial,P0,Commercial landing/category page,
SSC coaching institute merchandise,Coaching Institute Specific,Commercial,P0,Commercial landing/category page,
banking coaching institute merchandise,Coaching Institute Specific,Commercial,P0,Commercial landing/category page,
competitive exam coaching promotional products,Coaching Institute Specific,Commercial,P0,Commercial landing/category page,
education academy promotional products,Coaching Institute Specific,Commercial,P0,Commercial landing/category page,
training institute promotional products,Coaching Institute Specific,Commercial,P0,Commercial landing/category page,
skill development institute merchandise,Coaching Institute Specific,Commercial,P0,Commercial landing/category page,Also appears in: Training Centres / Academies
custom t shirts India,Custom T-Shirts,Commercial,P0,Commercial landing/category page,
customized t shirts India,Custom T-Shirts,Commercial,P0,Commercial landing/category page,
custom t shirt printing India,Custom T-Shirts,Commercial,P0,Commercial landing/category page,
t shirt printing India,Custom T-Shirts,Commercial,P0,Commercial landing/category page,
bulk t shirt printing India,Custom T-Shirts,Commercial,P0,Commercial landing/category page,
custom t shirts bulk India,Custom T-Shirts,Commercial,P0,Commercial landing/category page,
personalized t shirts bulk India,Custom T-Shirts,Commercial,P0,Commercial landing/category page,
branded t shirts India,Custom T-Shirts,Commercial,P0,Commercial landing/category page,
logo printed t shirts India,Custom T-Shirts,Commercial,P0,Commercial landing/category page,
custom logo t shirts India,Custom T-Shirts,Commercial,P0,Commercial landing/category page,
corporate t shirts India,Custom T-Shirts,Commercial,P0,Commercial landing/category page,
promotional t shirts India,Custom T-Shirts,Commercial,P0,Commercial landing/category page,
institute t shirts,Custom T-Shirts,Commercial,P0,Commercial landing/category page,
school t shirts customized,Custom T-Shirts,Commercial,P0,Commercial landing/category page,
college t shirts customized,Custom T-Shirts,Commercial,P0,Commercial landing/category page,
custom t shirts for coaching institutes,Custom T-Shirts,Commercial,P0,Commercial landing/category page,
coaching institute t shirt printing,Custom T-Shirts,Commercial,P0,Commercial landing/category page,Also appears in: Hindi / Mixed-Language Search
t shirt for coaching institute,Custom T-Shirts,Commercial,P0,Commercial landing/category page,
t shirt for coaching classes,Custom T-Shirts,Commercial,P0,Commercial landing/category page,
custom t shirts for students,Custom T-Shirts,Commercial,P0,Commercial landing/category page,
institute logo t shirts,Custom T-Shirts,Commercial,P0,Commercial landing/category page,
student batch t shirts,Custom T-Shirts,Commercial,P0,Commercial landing/category page,
custom t shirts for college students,Custom T-Shirts,Commercial,P0,Commercial landing/category page,
custom t shirts for colleges,Custom T-Shirts,Commercial,P0,Commercial landing/category page,
custom school t shirts,Custom T-Shirts,Commercial,P0,Commercial landing/category page,
custom university t shirts,Custom T-Shirts,Commercial,P0,Commercial landing/category page,
faculty t shirts with logo,Custom T-Shirts,Commercial,P0,Commercial landing/category page,
staff t shirts with logo,Custom T-Shirts,Commercial,P0,Commercial landing/category page,
event t shirts for colleges,Custom T-Shirts,Commercial,P0,Commercial landing/category page,
seminar t shirts bulk,Custom T-Shirts,Commercial,P0,Commercial landing/category page,
orientation t shirts for colleges,Custom T-Shirts,Commercial,P0,Commercial landing/category page,
custom polo t shirts India,Polo T-Shirts,Commercial,P1,Commercial landing/category page,
customized polo t shirts India,Polo T-Shirts,Commercial,P1,Commercial landing/category page,
polo t shirts with logo India,Polo T-Shirts,Commercial,P1,Commercial landing/category page,
bulk polo t shirts India,Polo T-Shirts,Commercial,P1,Commercial landing/category page,
polo t shirt printing India,Polo T-Shirts,Commercial,P1,Commercial landing/category page,
embroidered polo t shirts India,Polo T-Shirts,Commercial,P1,Commercial landing/category page,
corporate polo t shirts India,Polo T-Shirts,Commercial,P1,Commercial landing/category page,
institute polo t shirts,Polo T-Shirts,Commercial,P1,Commercial landing/category page,
custom polo t shirts for coaching institutes,Polo T-Shirts,Commercial,P1,Commercial landing/category page,
school polo t shirts with logo,Polo T-Shirts,Commercial,P1,Commercial landing/category page,
college polo t shirts with logo,Polo T-Shirts,Commercial,P1,Commercial landing/category page,
staff polo t shirts,Polo T-Shirts,Commercial,P1,Commercial landing/category page,
faculty polo t shirts,Polo T-Shirts,Commercial,P1,Commercial landing/category page,
teacher polo t shirts,Polo T-Shirts,Commercial,P1,Commercial landing/category page,
branded polo t shirts bulk,Polo T-Shirts,Commercial,P1,Commercial landing/category page,
promotional polo shirts India,Polo T-Shirts,Commercial,P1,Commercial landing/category page,
customized collared t shirts India,Polo T-Shirts,Commercial,P1,Commercial landing/category page,
collared t shirts with logo,Polo T-Shirts,Commercial,P1,Commercial landing/category page,
uniform polo t shirts India,Polo T-Shirts,Commercial,P1,Commercial landing/category page,
custom hoodies India,Hoodies / Sweatshirts / Winter Wear,Commercial,P0,Commercial landing/category page,
customized hoodies India,Hoodies / Sweatshirts / Winter Wear,Commercial,P0,Commercial landing/category page,
custom hoodie printing India,Hoodies / Sweatshirts / Winter Wear,Commercial,P0,Commercial landing/category page,
hoodie printing India,Hoodies / Sweatshirts / Winter Wear,Commercial,P0,Commercial landing/category page,
bulk hoodies India,Hoodies / Sweatshirts / Winter Wear,Commercial,P0,Commercial landing/category page,
custom hoodies bulk India,Hoodies / Sweatshirts / Winter Wear,Commercial,P0,Commercial landing/category page,
hoodies with logo India,Hoodies / Sweatshirts / Winter Wear,Commercial,P0,Commercial landing/category page,
branded hoodies India,Hoodies / Sweatshirts / Winter Wear,Commercial,P0,Commercial landing/category page,
embroidered hoodies India,Hoodies / Sweatshirts / Winter Wear,Commercial,P0,Commercial landing/category page,
custom embroidered hoodies,Hoodies / Sweatshirts / Winter Wear,Commercial,P0,Commercial landing/category page,
printed hoodies India,Hoodies / Sweatshirts / Winter Wear,Commercial,P0,Commercial landing/category page,
custom sweatshirts India,Hoodies / Sweatshirts / Winter Wear,Commercial,P0,Commercial landing/category page,
customized sweatshirts India,Hoodies / Sweatshirts / Winter Wear,Commercial,P0,Commercial landing/category page,
sweatshirt printing India,Hoodies / Sweatshirts / Winter Wear,Commercial,P0,Commercial landing/category page,
bulk sweatshirt printing India,Hoodies / Sweatshirts / Winter Wear,Commercial,P0,Commercial landing/category page,
custom winter wear India,Hoodies / Sweatshirts / Winter Wear,Commercial,P0,Commercial landing/category page,
custom hoodies for coaching institutes,Hoodies / Sweatshirts / Winter Wear,Commercial,P0,Commercial landing/category page,
custom hoodies for coaching centres,Hoodies / Sweatshirts / Winter Wear,Commercial,P0,Commercial landing/category page,
institute hoodies,Hoodies / Sweatshirts / Winter Wear,Commercial,P0,Commercial landing/category page,
college hoodies India,Hoodies / Sweatshirts / Winter Wear,Commercial,P0,Commercial landing/category page,
custom college hoodies India,Hoodies / Sweatshirts / Winter Wear,Commercial,P0,Commercial landing/category page,
college hoodies with logo,Hoodies / Sweatshirts / Winter Wear,Commercial,P0,Commercial landing/category page,
university hoodies India,Hoodies / Sweatshirts / Winter Wear,Commercial,P0,Commercial landing/category page,
school hoodies India,Hoodies / Sweatshirts / Winter Wear,Commercial,P0,Commercial landing/category page,
custom hoodies for students,Hoodies / Sweatshirts / Winter Wear,Commercial,P0,Commercial landing/category page,
student batch hoodies,Hoodies / Sweatshirts / Winter Wear,Commercial,P0,Commercial landing/category page,
personalized hoodies for student batches,Hoodies / Sweatshirts / Winter Wear,Commercial,P0,Commercial landing/category page,
faculty hoodies,Hoodies / Sweatshirts / Winter Wear,Commercial,P0,Commercial landing/category page,
teacher hoodies,Hoodies / Sweatshirts / Winter Wear,Commercial,P0,Commercial landing/category page,
coaching centre winter uniforms,Hoodies / Sweatshirts / Winter Wear,Commercial,P0,Commercial landing/category page,
school winter jackets,Hoodies / Sweatshirts / Winter Wear,Commercial,P0,Commercial landing/category page,Also appears in: School Focused
college winter jackets,Hoodies / Sweatshirts / Winter Wear,Commercial,P0,Commercial landing/category page,
coaching institute winter jackets,Hoodies / Sweatshirts / Winter Wear,Commercial,P0,Commercial landing/category page,
winter uniforms for coaching centres,Hoodies / Sweatshirts / Winter Wear,Commercial,P0,Commercial landing/category page,
branded winter wear for institutes,Hoodies / Sweatshirts / Winter Wear,Commercial,P0,Commercial landing/category page,
custom hoodies with logo in bulk India,Hoodies / Sweatshirts / Winter Wear,Commercial,P0,Commercial landing/category page,
bulk hoodie printing India,Hoodies / Sweatshirts / Winter Wear,Commercial,P0,Commercial landing/category page,
premium 300 GSM hoodies with institute logo,Hoodies / Sweatshirts / Winter Wear,Commercial,P0,Commercial landing/category page,
300 GSM hoodie manufacturer India,Hoodies / Sweatshirts / Winter Wear,Commercial,P0,Commercial landing/category page,
fleece hoodies with logo printing,Hoodies / Sweatshirts / Winter Wear,Commercial,P0,Commercial landing/category page,
logo printed jackets in bulk,Hoodies / Sweatshirts / Winter Wear,Commercial,P0,Commercial landing/category page,
embroidered hoodies for institutes,Hoodies / Sweatshirts / Winter Wear,Commercial,P0,Commercial landing/category page,
custom zipper hoodies bulk India,Hoodies / Sweatshirts / Winter Wear,Commercial,P0,Commercial landing/category page,
bulk pullover hoodies for students,Hoodies / Sweatshirts / Winter Wear,Commercial,P0,Commercial landing/category page,
custom varsity jackets for colleges,Hoodies / Sweatshirts / Winter Wear,Commercial,P0,Commercial landing/category page,
college society hoodies,Hoodies / Sweatshirts / Winter Wear,Commercial,P0,Commercial landing/category page,
college fest hoodies,Hoodies / Sweatshirts / Winter Wear,Commercial,P0,Commercial landing/category page,
coaching institute hoodie supplier,Hoodies / Sweatshirts / Winter Wear,Commercial,P0,Commercial landing/category page,
custom hoodie manufacturer India,Hoodies / Sweatshirts / Winter Wear,Commercial,P0,Commercial landing/category page,
teacher jacket,Teacher Jackets / Staff Uniforms,Commercial,P1,Commercial landing/category page,
teacher jackets,Teacher Jackets / Staff Uniforms,Commercial,P1,Commercial landing/category page,
jackets for teachers,Teacher Jackets / Staff Uniforms,Commercial,P1,Commercial landing/category page,
teacher jackets with logo,Teacher Jackets / Staff Uniforms,Commercial,P1,Commercial landing/category page,
custom teacher jackets,Teacher Jackets / Staff Uniforms,Commercial,P1,Commercial landing/category page,
customized teacher jackets,Teacher Jackets / Staff Uniforms,Commercial,P1,Commercial landing/category page,
teacher winter jackets,Teacher Jackets / Staff Uniforms,Commercial,P1,Commercial landing/category page,
faculty jackets,Teacher Jackets / Staff Uniforms,Commercial,P1,Commercial landing/category page,
faculty jackets with logo,Teacher Jackets / Staff Uniforms,Commercial,P1,Commercial landing/category page,
staff jackets with logo,Teacher Jackets / Staff Uniforms,Commercial,P1,Commercial landing/category page,
school staff jackets,Teacher Jackets / Staff Uniforms,Commercial,P1,Commercial landing/category page,
school staff winter jackets,Teacher Jackets / Staff Uniforms,Commercial,P1,Commercial landing/category page,
coaching staff jackets,Teacher Jackets / Staff Uniforms,Commercial,P1,Commercial landing/category page,
institute staff uniforms,Teacher Jackets / Staff Uniforms,Commercial,P1,Commercial landing/category page,
faculty uniforms,Teacher Jackets / Staff Uniforms,Commercial,P1,Commercial landing/category page,
teacher uniforms India,Teacher Jackets / Staff Uniforms,Commercial,P1,Commercial landing/category page,
winter uniform for teachers,Teacher Jackets / Staff Uniforms,Commercial,P1,Commercial landing/category page,
customised staff jackets,Teacher Jackets / Staff Uniforms,Commercial,P1,Commercial landing/category page,
corporate jackets with logo,Teacher Jackets / Staff Uniforms,Commercial,P1,Commercial landing/category page,
branded jackets for staff,Teacher Jackets / Staff Uniforms,Commercial,P1,Commercial landing/category page,
staff winter uniforms,Teacher Jackets / Staff Uniforms,Commercial,P1,Commercial landing/category page,
custom Nehru jackets,Teacher Jackets / Staff Uniforms,Commercial,P1,Commercial landing/category page,
Nehru jackets with logo,Teacher Jackets / Staff Uniforms,Commercial,P1,Commercial landing/category page,
staff Nehru jackets,Teacher Jackets / Staff Uniforms,Commercial,P1,Commercial landing/category page,
institute Nehru jackets,Teacher Jackets / Staff Uniforms,Commercial,P1,Commercial landing/category page,
custom bags India,Backpacks / Bags,Commercial,P1,Commercial landing/category page,
customized bags India,Backpacks / Bags,Commercial,P1,Commercial landing/category page,
promotional bags India,Backpacks / Bags,Commercial,P1,Commercial landing/category page,
branded bags India,Backpacks / Bags,Commercial,P1,Commercial landing/category page,
bulk bags India,Backpacks / Bags,Commercial,P1,Commercial landing/category page,
logo printed bags,Backpacks / Bags,Commercial,P1,Commercial landing/category page,
custom logo bags,Backpacks / Bags,Commercial,P1,Commercial landing/category page,
institute bags,Backpacks / Bags,Commercial,P1,Commercial landing/category page,
custom backpacks for coaching institutes,Backpacks / Bags,Commercial,P1,Commercial landing/category page,
customized backpacks India,Backpacks / Bags,Commercial,P1,Commercial landing/category page,
school bags with logo,Backpacks / Bags,Commercial,P1,Commercial landing/category page,Also appears in: School Focused | Also appears in: Hindi / Mixed-Language Search
school bags bulk order,Backpacks / Bags,Commercial,P1,Commercial landing/category page,
college bags customized,Backpacks / Bags,Commercial,P1,Commercial landing/category page,
university backpacks,Backpacks / Bags,Commercial,P1,Commercial landing/category page,
student backpacks with logo,Backpacks / Bags,Commercial,P1,Commercial landing/category page,
promotional backpacks,Backpacks / Bags,Commercial,P1,Commercial landing/category page,
branded backpacks India,Backpacks / Bags,Commercial,P1,Commercial landing/category page,
backpacks for students bulk,Backpacks / Bags,Commercial,P1,Commercial landing/category page,
student kit bags,Backpacks / Bags,Commercial,P1,Commercial landing/category page,
admission kit bags,Backpacks / Bags,Commercial,P1,Commercial landing/category page,
orientation kit bags,Backpacks / Bags,Commercial,P1,Commercial landing/category page,
staff backpacks with logo,Backpacks / Bags,Commercial,P1,Commercial landing/category page,
laptop bags with logo,Backpacks / Bags,Commercial,P1,Commercial landing/category page,
messenger bags with logo,Backpacks / Bags,Commercial,P1,Commercial landing/category page,
customized messenger bags,Backpacks / Bags,Commercial,P1,Commercial landing/category page,
institute messenger bags,Backpacks / Bags,Commercial,P1,Commercial landing/category page,
custom tote bags India,Tote / Jute Bags,Commercial,P1,Commercial landing/category page,
customized tote bags India,Tote / Jute Bags,Commercial,P1,Commercial landing/category page,
printed tote bags India,Tote / Jute Bags,Commercial,P1,Commercial landing/category page,
tote bags with logo,Tote / Jute Bags,Commercial,P1,Commercial landing/category page,
promotional tote bags,Tote / Jute Bags,Commercial,P1,Commercial landing/category page,
bulk tote bags India,Tote / Jute Bags,Commercial,P1,Commercial landing/category page,
institute tote bags,Tote / Jute Bags,Commercial,P1,Commercial landing/category page,
coaching institute tote bags,Tote / Jute Bags,Commercial,P1,Commercial landing/category page,
college tote bags,Tote / Jute Bags,Commercial,P1,Commercial landing/category page,
school tote bags,Tote / Jute Bags,Commercial,P1,Commercial landing/category page,
student tote bags,Tote / Jute Bags,Commercial,P1,Commercial landing/category page,
canvas tote bags printed,Tote / Jute Bags,Commercial,P1,Commercial landing/category page,
cotton tote bags customized,Tote / Jute Bags,Commercial,P1,Commercial landing/category page,
jute bags India,Tote / Jute Bags,Commercial,P1,Commercial landing/category page,
custom jute bags India,Tote / Jute Bags,Commercial,P1,Commercial landing/category page,
customized jute bags with logo,Tote / Jute Bags,Commercial,P1,Commercial landing/category page,
promotional jute bags India,Tote / Jute Bags,Commercial,P1,Commercial landing/category page,
bulk jute bags India,Tote / Jute Bags,Commercial,P1,Commercial landing/category page,
eco friendly promotional bags,Tote / Jute Bags,Commercial,P1,Commercial landing/category page,
eco friendly bags with logo,Tote / Jute Bags,Commercial,P1,Commercial landing/category page,
sustainable promotional bags India,Tote / Jute Bags,Commercial,P1,Commercial landing/category page,
custom notebooks India,Notebooks,Commercial,P0,Commercial landing/category page,
customized notebooks India,Notebooks,Commercial,P0,Commercial landing/category page,
personalised notebooks India,Notebooks,Commercial,P0,Commercial landing/category page,
printed notebooks India,Notebooks,Commercial,P0,Commercial landing/category page,
notebooks with logo India,Notebooks,Commercial,P0,Commercial landing/category page,
branded notebooks India,Notebooks,Commercial,P0,Commercial landing/category page,
promotional notebooks India,Notebooks,Commercial,P0,Commercial landing/category page,
corporate notebooks India,Notebooks,Commercial,P0,Commercial landing/category page,
custom notebook printing,Notebooks,Commercial,P0,Commercial landing/category page,
bulk notebook printing India,Notebooks,Commercial,P0,Commercial landing/category page,
custom notebooks bulk,Notebooks,Commercial,P0,Commercial landing/category page,
notebook manufacturer India,Notebooks,Commercial,P0,Commercial landing/category page,Also appears in: Supplier / Manufacturer / Wholesaler
customized notebook manufacturer,Notebooks,Commercial,P0,Commercial landing/category page,
customized notebook supplier,Notebooks,Commercial,P0,Commercial landing/category page,
promotional notebook supplier,Notebooks,Commercial,P0,Commercial landing/category page,
custom logo notebooks,Notebooks,Commercial,P0,Commercial landing/category page,
custom notebooks for students,Notebooks,Commercial,P0,Commercial landing/category page,
custom notebooks for coaching institutes,Notebooks,Commercial,P0,Commercial landing/category page,
institute notebooks,Notebooks,Commercial,P0,Commercial landing/category page,
school notebooks customized,Notebooks,Commercial,P0,Commercial landing/category page,
college notebooks customized,Notebooks,Commercial,P0,Commercial landing/category page,
university notebooks,Notebooks,Commercial,P0,Commercial landing/category page,
student notebooks with institute logo,Notebooks,Commercial,P0,Commercial landing/category page,
admission notebooks,Notebooks,Commercial,P0,Commercial landing/category page,
seminar notebooks,Notebooks,Commercial,P0,Commercial landing/category page,
event notebooks,Notebooks,Commercial,P0,Commercial landing/category page,
workshop notebooks,Notebooks,Commercial,P0,Commercial landing/category page,
training notebooks,Notebooks,Commercial,P0,Commercial landing/category page,
branded notebooks for institutes,Notebooks,Commercial,P0,Commercial landing/category page,
custom study notebooks,Notebooks,Commercial,P0,Commercial landing/category page,
custom exercise books,Notebooks,Commercial,P0,Commercial landing/category page,
student workbook printing,Notebooks,Commercial,P0,Commercial landing/category page,
customized workbook printing,Notebooks,Commercial,P0,Commercial landing/category page,
custom notepads India,Notepads,Commercial,P1,Commercial landing/category page,
customized notepads India,Notepads,Commercial,P1,Commercial landing/category page,
printed notepads India,Notepads,Commercial,P1,Commercial landing/category page,
personalized notepads India,Notepads,Commercial,P1,Commercial landing/category page,
branded notepads India,Notepads,Commercial,P1,Commercial landing/category page,
promotional notepads India,Notepads,Commercial,P1,Commercial landing/category page,
notepad printing India,Notepads,Commercial,P1,Commercial landing/category page,
bulk notepad printing,Notepads,Commercial,P1,Commercial landing/category page,
custom logo notepads,Notepads,Commercial,P1,Commercial landing/category page,
company logo notepads,Notepads,Commercial,P1,Commercial landing/category page,
coaching institute notepad,Notepads,Commercial,P1,Commercial landing/category page,
college notepads,Notepads,Commercial,P1,Commercial landing/category page,
school notepads,Notepads,Commercial,P1,Commercial landing/category page,
student notepads,Notepads,Commercial,P1,Commercial landing/category page,
custom writing pads,Notepads,Commercial,P1,Commercial landing/category page,
promotional writing pads,Notepads,Commercial,P1,Commercial landing/category page,
customized diaries India,Diaries,Commercial,P1,Commercial landing/category page,
custom diaries India,Diaries,Commercial,P1,Commercial landing/category page,
branded diaries India,Diaries,Commercial,P1,Commercial landing/category page,
corporate diaries India,Diaries,Commercial,P1,Commercial landing/category page,
promotional diaries India,Diaries,Commercial,P1,Commercial landing/category page,
diary printing India,Diaries,Commercial,P1,Commercial landing/category page,
customized diary with logo,Diaries,Commercial,P1,Commercial landing/category page,
diary with company logo,Diaries,Commercial,P1,Commercial landing/category page,
logo printed diaries,Diaries,Commercial,P1,Commercial landing/category page,
bulk diaries India,Diaries,Commercial,P1,Commercial landing/category page,
corporate diary supplier India,Diaries,Commercial,P1,Commercial landing/category page,
corporate diary manufacturer India,Diaries,Commercial,P1,Commercial landing/category page,
diary manufacturer Delhi,Diaries,Commercial,P1,Commercial landing/category page,
custom diaries Delhi,Diaries,Commercial,P1,Commercial landing/category page,
diary supplier Delhi NCR,Diaries,Commercial,P1,Commercial landing/category page,
New Year diaries,Diaries,Commercial,P1,Commercial landing/category page,
customized New Year diaries,Diaries,Commercial,P1,Commercial landing/category page,Also appears in: Seasonal - New Year
corporate New Year diary,Diaries,Commercial,P1,Commercial landing/category page,
diary gift set,Diaries,Commercial,P1,Commercial landing/category page,
customized diary set,Diaries,Commercial,P1,Commercial landing/category page,
diary pen gift set,Diaries,Commercial,P1,Commercial landing/category page,Also appears in: Pens
diary and pen set with logo,Diaries,Commercial,P1,Commercial landing/category page,
institute branded diaries,Diaries,Commercial,P1,Commercial landing/category page,
school diaries customized,Diaries,Commercial,P1,Commercial landing/category page,
college diaries customized,Diaries,Commercial,P1,Commercial landing/category page,
student diaries,Diaries,Commercial,P1,Commercial landing/category page,
teacher diaries,Diaries,Commercial,P1,Commercial landing/category page,
faculty diaries,Diaries,Commercial,P1,Commercial landing/category page,
customized planners India,Planners,Commercial,P1,Commercial landing/category page,
custom planners India,Planners,Commercial,P1,Commercial landing/category page,
corporate planners India,Planners,Commercial,P1,Commercial landing/category page,
promotional planners,Planners,Commercial,P1,Commercial landing/category page,
branded planners,Planners,Commercial,P1,Commercial landing/category page,
planner with logo,Planners,Commercial,P1,Commercial landing/category page,
custom planner printing,Planners,Commercial,P1,Commercial landing/category page,
student planner India,Planners,Commercial,P1,Commercial landing/category page,
academic planner India,Planners,Commercial,P1,Commercial landing/category page,
institute planner,Planners,Commercial,P1,Commercial landing/category page,
coaching institute planner,Planners,Commercial,P1,Commercial landing/category page,
school planner,Planners,Commercial,P1,Commercial landing/category page,
college planner,Planners,Commercial,P1,Commercial landing/category page,
teacher planner,Planners,Commercial,P1,Commercial landing/category page,
student organizer,Planners,Commercial,P1,Commercial landing/category page,
promotional organizers India,Planners,Commercial,P1,Commercial landing/category page,
customized pens India,Pens,Commercial,P1,Commercial landing/category page,
custom pens India,Pens,Commercial,P1,Commercial landing/category page,
personalised pens India,Pens,Commercial,P1,Commercial landing/category page,
promotional pens India,Pens,Commercial,P1,Commercial landing/category page,
branded pens India,Pens,Commercial,P1,Commercial landing/category page,
logo printed pens India,Pens,Commercial,P1,Commercial landing/category page,
custom pens with logo,Pens,Commercial,P1,Commercial landing/category page,
bulk customized pens,Pens,Commercial,P1,Commercial landing/category page,
corporate pens India,Pens,Commercial,P1,Commercial landing/category page,
promotional pen supplier India,Pens,Commercial,P1,Commercial landing/category page,
pen branding India,Pens,Commercial,P1,Commercial landing/category page,
coaching institute pens,Pens,Commercial,P1,Commercial landing/category page,
school pens customized,Pens,Commercial,P1,Commercial landing/category page,
college pens customized,Pens,Commercial,P1,Commercial landing/category page,
student pens with logo,Pens,Commercial,P1,Commercial landing/category page,
institute branded pens,Pens,Commercial,P1,Commercial landing/category page,
custom pen and notebook set,Pens,Commercial,P1,Commercial landing/category page,
customized water bottles India,Bottles / Drinkware,Commercial,P1,Commercial landing/category page,
custom water bottles India,Bottles / Drinkware,Commercial,P1,Commercial landing/category page,
promotional bottles India,Bottles / Drinkware,Commercial,P1,Commercial landing/category page,
branded water bottles India,Bottles / Drinkware,Commercial,P1,Commercial landing/category page,
water bottles with logo,Bottles / Drinkware,Commercial,P1,Commercial landing/category page,
logo printed water bottles,Bottles / Drinkware,Commercial,P1,Commercial landing/category page,
bulk water bottles India,Bottles / Drinkware,Commercial,P1,Commercial landing/category page,
custom bottles for students,Bottles / Drinkware,Commercial,P1,Commercial landing/category page,
school water bottles customized,Bottles / Drinkware,Commercial,P1,Commercial landing/category page,Also appears in: School Focused
college water bottles,Bottles / Drinkware,Commercial,P1,Commercial landing/category page,Also appears in: College / University Focused
student water bottle with logo,Bottles / Drinkware,Commercial,P1,Commercial landing/category page,
institute water bottles,Bottles / Drinkware,Commercial,P1,Commercial landing/category page,
promotional sippers India,Bottles / Drinkware,Commercial,P1,Commercial landing/category page,
customized sippers India,Bottles / Drinkware,Commercial,P1,Commercial landing/category page,
sipper bottles with logo,Bottles / Drinkware,Commercial,P1,Commercial landing/category page,
corporate water bottles,Bottles / Drinkware,Commercial,P1,Commercial landing/category page,
custom stainless steel bottles,Bottles / Drinkware,Commercial,P1,Commercial landing/category page,
personalized bottles India,Bottles / Drinkware,Commercial,P1,Commercial landing/category page,
bottle printing India,Bottles / Drinkware,Commercial,P1,Commercial landing/category page,
customized mugs India,Mugs,Commercial,P1,Commercial landing/category page,
promotional mugs India,Mugs,Commercial,P1,Commercial landing/category page,
custom mugs India,Mugs,Commercial,P1,Commercial landing/category page,
printed mugs India,Mugs,Commercial,P1,Commercial landing/category page,
mugs with logo India,Mugs,Commercial,P1,Commercial landing/category page,
corporate mugs India,Mugs,Commercial,P1,Commercial landing/category page,
branded mugs,Mugs,Commercial,P1,Commercial landing/category page,
logo printed mugs,Mugs,Commercial,P1,Commercial landing/category page,
bulk customized mugs,Mugs,Commercial,P1,Commercial landing/category page,
institute mugs,Mugs,Commercial,P1,Commercial landing/category page,
coaching institute mugs,Mugs,Commercial,P1,Commercial landing/category page,
school mugs,Mugs,Commercial,P1,Commercial landing/category page,
college mugs,Mugs,Commercial,P1,Commercial landing/category page,
faculty mugs,Mugs,Commercial,P1,Commercial landing/category page,
teacher gift mugs,Mugs,Commercial,P1,Commercial landing/category page,
trophy manufacturer India,Trophies / Awards / Medals,Commercial,P1,Commercial landing/category page,Also appears in: Supplier / Manufacturer / Wholesaler
trophy supplier India,Trophies / Awards / Medals,Commercial,P1,Commercial landing/category page,
customized trophy India,Trophies / Awards / Medals,Commercial,P1,Commercial landing/category page,
custom trophy India,Trophies / Awards / Medals,Commercial,P1,Commercial landing/category page,
trophies in bulk,Trophies / Awards / Medals,Commercial,P1,Commercial landing/category page,
corporate trophies India,Trophies / Awards / Medals,Commercial,P1,Commercial landing/category page,
promotional trophies,Trophies / Awards / Medals,Commercial,P1,Commercial landing/category page,
award trophy manufacturer,Trophies / Awards / Medals,Commercial,P1,Commercial landing/category page,
award manufacturer India,Trophies / Awards / Medals,Commercial,P1,Commercial landing/category page,
customised awards India,Trophies / Awards / Medals,Commercial,P1,Commercial landing/category page,
school trophies,Trophies / Awards / Medals,Commercial,P1,Commercial landing/category page,
college trophies,Trophies / Awards / Medals,Commercial,P1,Commercial landing/category page,
coaching institute trophies,Trophies / Awards / Medals,Commercial,P1,Commercial landing/category page,
student award trophies,Trophies / Awards / Medals,Commercial,P1,Commercial landing/category page,
academic trophies,Trophies / Awards / Medals,Commercial,P1,Commercial landing/category page,
educational trophies,Trophies / Awards / Medals,Commercial,P1,Commercial landing/category page,
competition trophies,Trophies / Awards / Medals,Commercial,P1,Commercial landing/category page,
seminar trophies,Trophies / Awards / Medals,Commercial,P1,Commercial landing/category page,
event trophies,Trophies / Awards / Medals,Commercial,P1,Commercial landing/category page,
wooden trophy India,Trophies / Awards / Medals,Commercial,P1,Commercial landing/category page,
customized wooden trophies,Trophies / Awards / Medals,Commercial,P1,Commercial landing/category page,
wooden awards India,Trophies / Awards / Medals,Commercial,P1,Commercial landing/category page,
custom medals India,Trophies / Awards / Medals,Commercial,P1,Commercial landing/category page,
customized medals India,Trophies / Awards / Medals,Commercial,P1,Commercial landing/category page,
school medals,Trophies / Awards / Medals,Commercial,P1,Commercial landing/category page,
sports medals bulk,Trophies / Awards / Medals,Commercial,P1,Commercial landing/category page,
college medals,Trophies / Awards / Medals,Commercial,P1,Commercial landing/category page,
custom badges India,Trophies / Awards / Medals,Commercial,P1,Commercial landing/category page,
badges with logo,Trophies / Awards / Medals,Commercial,P1,Commercial landing/category page,
student badges,Trophies / Awards / Medals,Commercial,P1,Commercial landing/category page,
institute badges,Trophies / Awards / Medals,Commercial,P1,Commercial landing/category page,
graduation gown India,Graduation / Convocation,Commercial,P1,Commercial landing/category page,
graduation gown supplier India,Graduation / Convocation,Commercial,P1,Commercial landing/category page,
graduation gown manufacturer India,Graduation / Convocation,Commercial,P1,Commercial landing/category page,
graduation gowns bulk,Graduation / Convocation,Commercial,P1,Commercial landing/category page,
convocation gowns India,Graduation / Convocation,Commercial,P1,Commercial landing/category page,
convocation gown supplier,Graduation / Convocation,Commercial,P1,Commercial landing/category page,
college convocation gowns,Graduation / Convocation,Commercial,P1,Commercial landing/category page,
university graduation gowns,Graduation / Convocation,Commercial,P1,Commercial landing/category page,
graduation caps India,Graduation / Convocation,Commercial,P1,Commercial landing/category page,
graduation hats India,Graduation / Convocation,Commercial,P1,Commercial landing/category page,
convocation caps,Graduation / Convocation,Commercial,P1,Commercial landing/category page,
graduation cap and gown India,Graduation / Convocation,Commercial,P1,Commercial landing/category page,
convocation dress supplier,Graduation / Convocation,Commercial,P1,Commercial landing/category page,
academic gowns India,Graduation / Convocation,Commercial,P1,Commercial landing/category page,
university gowns India,Graduation / Convocation,Commercial,P1,Commercial landing/category page,
graduation stoles,Graduation / Convocation,Commercial,P1,Commercial landing/category page,Also appears in: Seasonal - Graduation
custom graduation stoles,Graduation / Convocation,Commercial,P1,Commercial landing/category page,
graduation sash,Graduation / Convocation,Commercial,P1,Commercial landing/category page,
custom graduation sash,Graduation / Convocation,Commercial,P1,Commercial landing/category page,
convocation stole,Graduation / Convocation,Commercial,P1,Commercial landing/category page,
graduation hood,Graduation / Convocation,Commercial,P1,Commercial landing/category page,
academic hood,Graduation / Convocation,Commercial,P1,Commercial landing/category page,
degree folder India,Graduation / Convocation,Commercial,P1,Commercial landing/category page,
graduation degree folders,Graduation / Convocation,Commercial,P1,Commercial landing/category page,
certificate folders India,Graduation / Convocation,Commercial,P1,Commercial landing/category page,
customised degree folders,Graduation / Convocation,Commercial,P1,Commercial landing/category page,
university degree folder,Graduation / Convocation,Commercial,P1,Commercial landing/category page,
convocation folder,Graduation / Convocation,Commercial,P1,Commercial landing/category page,
certificate holder with logo,Graduation / Convocation,Commercial,P1,Commercial landing/category page,
customized folders India,Files / Folders,Commercial,P1,Commercial landing/category page,
custom file folders India,Files / Folders,Commercial,P1,Commercial landing/category page,
branded folders India,Files / Folders,Commercial,P1,Commercial landing/category page,
promotional folders India,Files / Folders,Commercial,P1,Commercial landing/category page,
corporate folders India,Files / Folders,Commercial,P1,Commercial landing/category page,
document folders with logo,Files / Folders,Commercial,P1,Commercial landing/category page,
certificate folders,Files / Folders,Commercial,P1,Commercial landing/category page,
institute file folders,Files / Folders,Commercial,P1,Commercial landing/category page,
coaching institute folders,Files / Folders,Commercial,P1,Commercial landing/category page,
school folders,Files / Folders,Commercial,P1,Commercial landing/category page,
college folders,Files / Folders,Commercial,P1,Commercial landing/category page,
admission folders,Files / Folders,Commercial,P1,Commercial landing/category page,
student folders,Files / Folders,Commercial,P1,Commercial landing/category page,
seminar folders,Files / Folders,Commercial,P1,Commercial landing/category page,
conference folders,Files / Folders,Commercial,P1,Commercial landing/category page,
custom presentation folders,Files / Folders,Commercial,P1,Commercial landing/category page,
personalized folders India,Files / Folders,Commercial,P1,Commercial landing/category page,
custom lanyards India,ID Cards / Lanyards,Commercial,P1,Commercial landing/category page,
customized lanyards India,ID Cards / Lanyards,Commercial,P1,Commercial landing/category page,
printed lanyards India,ID Cards / Lanyards,Commercial,P1,Commercial landing/category page,
lanyard manufacturer India,ID Cards / Lanyards,Commercial,P1,Commercial landing/category page,Also appears in: Supplier / Manufacturer / Wholesaler
lanyards with logo,ID Cards / Lanyards,Commercial,P1,Commercial landing/category page,
institute lanyards,ID Cards / Lanyards,Commercial,P1,Commercial landing/category page,
coaching institute lanyards,ID Cards / Lanyards,Commercial,P1,Commercial landing/category page,
school lanyards,ID Cards / Lanyards,Commercial,P1,Commercial landing/category page,
college lanyards,ID Cards / Lanyards,Commercial,P1,Commercial landing/category page,
student lanyards,ID Cards / Lanyards,Commercial,P1,Commercial landing/category page,
ID cards for coaching institutes,ID Cards / Lanyards,Commercial,P1,Commercial landing/category page,
customized ID cards India,ID Cards / Lanyards,Commercial,P1,Commercial landing/category page,
student ID cards,ID Cards / Lanyards,Commercial,P1,Commercial landing/category page,
school ID cards,ID Cards / Lanyards,Commercial,P1,Commercial landing/category page,
college ID cards,ID Cards / Lanyards,Commercial,P1,Commercial landing/category page,
employee ID cards,ID Cards / Lanyards,Commercial,P1,Commercial landing/category page,
ID card and lanyard supplier,ID Cards / Lanyards,Commercial,P1,Commercial landing/category page,
student welcome kit,Student Welcome Kits,Commercial,P0,Commercial landing/category page,
student welcome kits India,Student Welcome Kits,Commercial,P0,Commercial landing/category page,
customized student welcome kit,Student Welcome Kits,Commercial,P0,Commercial landing/category page,
student onboarding kit,Student Welcome Kits,Commercial,P0,Commercial landing/category page,
college welcome kit,Student Welcome Kits,Commercial,P0,Commercial landing/category page,
university welcome kit,Student Welcome Kits,Commercial,P0,Commercial landing/category page,
school welcome kit,Student Welcome Kits,Commercial,P0,Commercial landing/category page,
coaching institute welcome kit,Student Welcome Kits,Commercial,P0,Commercial landing/category page,
coaching centre student kit,Student Welcome Kits,Commercial,P0,Commercial landing/category page,
student kit for coaching institutes,Student Welcome Kits,Commercial,P0,Commercial landing/category page,
admission kit for students,Student Welcome Kits,Commercial,P0,Commercial landing/category page,
admission welcome kit,Student Welcome Kits,Commercial,P0,Commercial landing/category page,
student starter kit,Student Welcome Kits,Commercial,P0,Commercial landing/category page,
new student kit,Student Welcome Kits,Commercial,P0,Commercial landing/category page,
orientation kit for students,Student Welcome Kits,Commercial,P0,Commercial landing/category page,
college orientation kits,Student Welcome Kits,Commercial,P0,Commercial landing/category page,Also appears in: College / University Focused
institute orientation kits,Student Welcome Kits,Commercial,P0,Commercial landing/category page,
customized orientation kits,Student Welcome Kits,Commercial,P0,Commercial landing/category page,
branded student kits,Student Welcome Kits,Commercial,P0,Commercial landing/category page,
student merchandise kits,Student Welcome Kits,Commercial,P0,Commercial landing/category page,
educational welcome kits,Student Welcome Kits,Commercial,P0,Commercial landing/category page,
institute onboarding kits,Student Welcome Kits,Commercial,P0,Commercial landing/category page,
college onboarding kits,Student Welcome Kits,Commercial,P0,Commercial landing/category page,
university onboarding kits,Student Welcome Kits,Commercial,P0,Commercial landing/category page,
student induction kits,Student Welcome Kits,Commercial,P0,Commercial landing/category page,
custom event merchandise India,Event Merchandise,Commercial,P1,Commercial landing/category page,
event merchandise supplier,Event Merchandise,Commercial,P1,Commercial landing/category page,
promotional products for events,Event Merchandise,Commercial,P1,Commercial landing/category page,
event branding products,Event Merchandise,Commercial,P1,Commercial landing/category page,
custom merchandise for college fest,Event Merchandise,Commercial,P1,Commercial landing/category page,
college fest merchandise,Event Merchandise,Commercial,P1,Commercial landing/category page,Also appears in: College / University Focused
university fest merchandise,Event Merchandise,Commercial,P1,Commercial landing/category page,
student fest merchandise,Event Merchandise,Commercial,P1,Commercial landing/category page,
seminar merchandise,Event Merchandise,Commercial,P1,Commercial landing/category page,
conference merchandise India,Event Merchandise,Commercial,P1,Commercial landing/category page,
workshop merchandise,Event Merchandise,Commercial,P1,Commercial landing/category page,
orientation event merchandise,Event Merchandise,Commercial,P1,Commercial landing/category page,
education event merchandise,Event Merchandise,Commercial,P1,Commercial landing/category page,
institutional event gifts,Event Merchandise,Commercial,P1,Commercial landing/category page,
seminar giveaway items,Event Merchandise,Commercial,P1,Commercial landing/category page,
college event giveaway,Event Merchandise,Commercial,P1,Commercial landing/category page,
school event merchandise,Event Merchandise,Commercial,P1,Commercial landing/category page,Also appears in: School Focused
institute event kits,Event Merchandise,Commercial,P1,Commercial landing/category page,
event welcome kits,Event Merchandise,Commercial,P1,Commercial landing/category page,
admission promotional products,Admissions / Marketing,Commercial,P1,Commercial landing/category page,Also appears in: Seasonal - Admissions
admission campaign merchandise,Admissions / Marketing,Commercial,P1,Commercial landing/category page,
admission kit for coaching institutes,Admissions / Marketing,Commercial,P1,Commercial landing/category page,
college admission kit,Admissions / Marketing,Commercial,P1,Commercial landing/category page,
school admission kit,Admissions / Marketing,Commercial,P1,Commercial landing/category page,
student admission gifts,Admissions / Marketing,Commercial,P1,Commercial landing/category page,
promotional items for admission campaign,Admissions / Marketing,Commercial,P1,Commercial landing/category page,
education marketing merchandise,Admissions / Marketing,Commercial,P1,Commercial landing/category page,
institute branding merchandise,Admissions / Marketing,Commercial,P1,Commercial landing/category page,
coaching centre branding products,Admissions / Marketing,Commercial,P1,Commercial landing/category page,
school branding products,Admissions / Marketing,Commercial,P1,Commercial landing/category page,Also appears in: School Focused
college branding merchandise,Admissions / Marketing,Commercial,P1,Commercial landing/category page,
university branding products,Admissions / Marketing,Commercial,P1,Commercial landing/category page,
student engagement merchandise,Admissions / Marketing,Commercial,P1,Commercial landing/category page,
student promotional products,Admissions / Marketing,Commercial,P1,Commercial landing/category page,
campus promotional products,Admissions / Marketing,Commercial,P1,Commercial landing/category page,
corporate gifts India,Corporate / Educational Gifting,Commercial,P1,Commercial landing/category page,
corporate gifting India,Corporate / Educational Gifting,Commercial,P1,Commercial landing/category page,
customized corporate gifts India,Corporate / Educational Gifting,Commercial,P1,Commercial landing/category page,
corporate gifting company India,Corporate / Educational Gifting,Commercial,P1,Commercial landing/category page,
corporate gift supplier India,Corporate / Educational Gifting,Commercial,P1,Commercial landing/category page,
corporate gifts manufacturer India,Corporate / Educational Gifting,Commercial,P1,Commercial landing/category page,
bulk corporate gifts India,Corporate / Educational Gifting,Commercial,P1,Commercial landing/category page,
branded corporate gifts,Corporate / Educational Gifting,Commercial,P1,Commercial landing/category page,
corporate gift items with logo,Corporate / Educational Gifting,Commercial,P1,Commercial landing/category page,
gifts for teachers in bulk,Corporate / Educational Gifting,Commercial,P1,Commercial landing/category page,Also appears in: Blog / Informational
faculty gifts,Corporate / Educational Gifting,Commercial,P1,Commercial landing/category page,
employee gifts for educational institutions,Corporate / Educational Gifting,Commercial,P1,Commercial landing/category page,
staff gifting ideas,Corporate / Educational Gifting,Commercial,P1,Commercial landing/category page,
teacher appreciation gifts bulk,Corporate / Educational Gifting,Commercial,P1,Commercial landing/category page,
institutional gifts,Corporate / Educational Gifting,Commercial,P1,Commercial landing/category page,
institute gifting solutions,Corporate / Educational Gifting,Commercial,P1,Commercial landing/category page,
custom hoodies bulk price India,Price / Transactional,Transactional,P0,Commercial landing/category page,
custom t shirts wholesale price,Price / Transactional,Transactional,P0,Commercial landing/category page,
customized notebooks price India,Price / Transactional,Transactional,P0,Commercial landing/category page,
promotional products wholesale price,Price / Transactional,Transactional,P0,Commercial landing/category page,
institute bags bulk price,Price / Transactional,Transactional,P0,Commercial landing/category page,
corporate diaries bulk price,Price / Transactional,Transactional,P0,Commercial landing/category page,
trophies bulk price,Price / Transactional,Transactional,P0,Commercial landing/category page,
student welcome kit price,Price / Transactional,Transactional,P0,Commercial landing/category page,
promotional merchandise quotation,Price / Transactional,Transactional,P0,Commercial landing/category page,
customized merchandise MOQ,Price / Transactional,Transactional,P0,Commercial landing/category page,
low MOQ promotional products India,Price / Transactional,Transactional,P0,Commercial landing/category page,
promotional products minimum order quantity,Price / Transactional,Transactional,P0,Commercial landing/category page,
cheap promotional products India,Price / Transactional,Transactional,P0,Commercial landing/category page,
affordable promotional merchandise,Price / Transactional,Transactional,P0,Commercial landing/category page,
wholesale promotional products India,Price / Transactional,Transactional,P0,Commercial landing/category page,
promotional gift manufacturer India,Supplier / Manufacturer / Wholesaler,Commercial,P0,Commercial landing/category page,
promotional merchandise supplier,Supplier / Manufacturer / Wholesaler,Commercial,P0,Commercial landing/category page,
customized merchandise manufacturer,Supplier / Manufacturer / Wholesaler,Commercial,P0,Commercial landing/category page,
custom t shirt manufacturer India,Supplier / Manufacturer / Wholesaler,Commercial,P0,Commercial landing/category page,
hoodie manufacturer India,Supplier / Manufacturer / Wholesaler,Commercial,P0,Commercial landing/category page,
custom bag manufacturer India,Supplier / Manufacturer / Wholesaler,Commercial,P0,Commercial landing/category page,
water bottle supplier India,Supplier / Manufacturer / Wholesaler,Commercial,P0,Commercial landing/category page,
diary manufacturer India,Supplier / Manufacturer / Wholesaler,Commercial,P0,Commercial landing/category page,
corporate gift manufacturer India,Supplier / Manufacturer / Wholesaler,Commercial,P0,Commercial landing/category page,
institute uniform manufacturer India,Supplier / Manufacturer / Wholesaler,Commercial,P0,Commercial landing/category page,
custom hoodies Delhi,Location - India / Delhi NCR / Major Cities,Commercial,P1,Commercial landing/category page,Explicit location examples from keyword analysis.
custom hoodies Delhi NCR,Location - India / Delhi NCR / Major Cities,Commercial,P1,Commercial landing/category page,Explicit location examples from keyword analysis.
custom hoodies Noida,Location - India / Delhi NCR / Major Cities,Commercial,P1,Commercial landing/category page,Explicit location examples from keyword analysis.
custom hoodies Gurgaon,Location - India / Delhi NCR / Major Cities,Commercial,P1,Commercial landing/category page,Explicit location examples from keyword analysis.
custom hoodies Kota,Location - India / Delhi NCR / Major Cities,Commercial,P1,Commercial landing/category page,Explicit location examples from keyword analysis.
customized t shirts Delhi,Location - India / Delhi NCR / Major Cities,Commercial,P1,Commercial landing/category page,Explicit location examples from keyword analysis.
t shirt printing Noida,Location - India / Delhi NCR / Major Cities,Commercial,P1,Commercial landing/category page,Explicit location examples from keyword analysis.
bulk t shirt printing Gurgaon,Location - India / Delhi NCR / Major Cities,Commercial,P1,Commercial landing/category page,Explicit location examples from keyword analysis.
promotional products Delhi,Location - India / Delhi NCR / Major Cities,Commercial,P1,Commercial landing/category page,Explicit location examples from keyword analysis.
promotional products Delhi NCR,Location - India / Delhi NCR / Major Cities,Commercial,P1,Commercial landing/category page,Explicit location examples from keyword analysis.
promotional products Noida,Location - India / Delhi NCR / Major Cities,Commercial,P1,Commercial landing/category page,Explicit location examples from keyword analysis.
promotional products Gurgaon,Location - India / Delhi NCR / Major Cities,Commercial,P1,Commercial landing/category page,Explicit location examples from keyword analysis.
promotional products Kota,Location - India / Delhi NCR / Major Cities,Commercial,P1,Commercial landing/category page,Explicit location examples from keyword analysis.
custom notebooks Delhi,Location - India / Delhi NCR / Major Cities,Commercial,P1,Commercial landing/category page,Explicit location examples from keyword analysis.
custom notebooks Noida,Location - India / Delhi NCR / Major Cities,Commercial,P1,Commercial landing/category page,Explicit location examples from keyword analysis.
customized diaries Delhi,Location - India / Delhi NCR / Major Cities,Commercial,P1,Commercial landing/category page,Explicit location examples from keyword analysis.
trophy manufacturer Delhi,Location - India / Delhi NCR / Major Cities,Commercial,P1,Commercial landing/category page,Explicit location examples from keyword analysis.
promotional gift supplier Delhi,Location - India / Delhi NCR / Major Cities,Commercial,P1,Commercial landing/category page,Explicit location examples from keyword analysis.
coaching institute merchandise Kota,Location - India / Delhi NCR / Major Cities,Commercial,P1,Commercial landing/category page,Explicit location examples from keyword analysis.
coaching institute promotional products Delhi,Location - India / Delhi NCR / Major Cities,Commercial,P1,Commercial landing/category page,Explicit location examples from keyword analysis.
custom student kits Delhi NCR,Location - India / Delhi NCR / Major Cities,Commercial,P1,Commercial landing/category page,Explicit location examples from keyword analysis.
India,Location Modifiers,Modifier / Geo,P1,Location-page planning modifier,Use as modifiers with relevant product/service keywords; do not make thin pages automatically.
pan India,Location Modifiers,Modifier / Geo,P1,Location-page planning modifier,Use as modifiers with relevant product/service keywords; do not make thin pages automatically.
across India,Location Modifiers,Modifier / Geo,P1,Location-page planning modifier,Use as modifiers with relevant product/service keywords; do not make thin pages automatically.
Delhi,Location Modifiers,Modifier / Geo,P1,Location-page planning modifier,Use as modifiers with relevant product/service keywords; do not make thin pages automatically.
New Delhi,Location Modifiers,Modifier / Geo,P1,Location-page planning modifier,Use as modifiers with relevant product/service keywords; do not make thin pages automatically.
Delhi NCR,Location Modifiers,Modifier / Geo,P1,Location-page planning modifier,Use as modifiers with relevant product/service keywords; do not make thin pages automatically.
Noida,Location Modifiers,Modifier / Geo,P1,Location-page planning modifier,Use as modifiers with relevant product/service keywords; do not make thin pages automatically.
Greater Noida,Location Modifiers,Modifier / Geo,P1,Location-page planning modifier,Use as modifiers with relevant product/service keywords; do not make thin pages automatically.
Gurgaon,Location Modifiers,Modifier / Geo,P1,Location-page planning modifier,Use as modifiers with relevant product/service keywords; do not make thin pages automatically.
Gurugram,Location Modifiers,Modifier / Geo,P1,Location-page planning modifier,Use as modifiers with relevant product/service keywords; do not make thin pages automatically.
Ghaziabad,Location Modifiers,Modifier / Geo,P1,Location-page planning modifier,Use as modifiers with relevant product/service keywords; do not make thin pages automatically.
Faridabad,Location Modifiers,Modifier / Geo,P1,Location-page planning modifier,Use as modifiers with relevant product/service keywords; do not make thin pages automatically.
Kota,Location Modifiers,Modifier / Geo,P1,Location-page planning modifier,Use as modifiers with relevant product/service keywords; do not make thin pages automatically.
Jaipur,Location Modifiers,Modifier / Geo,P1,Location-page planning modifier,Use as modifiers with relevant product/service keywords; do not make thin pages automatically.
Lucknow,Location Modifiers,Modifier / Geo,P1,Location-page planning modifier,Use as modifiers with relevant product/service keywords; do not make thin pages automatically.
Kanpur,Location Modifiers,Modifier / Geo,P1,Location-page planning modifier,Use as modifiers with relevant product/service keywords; do not make thin pages automatically.
Prayagraj,Location Modifiers,Modifier / Geo,P1,Location-page planning modifier,Use as modifiers with relevant product/service keywords; do not make thin pages automatically.
Varanasi,Location Modifiers,Modifier / Geo,P1,Location-page planning modifier,Use as modifiers with relevant product/service keywords; do not make thin pages automatically.
Patna,Location Modifiers,Modifier / Geo,P1,Location-page planning modifier,Use as modifiers with relevant product/service keywords; do not make thin pages automatically.
Ranchi,Location Modifiers,Modifier / Geo,P1,Location-page planning modifier,Use as modifiers with relevant product/service keywords; do not make thin pages automatically.
Indore,Location Modifiers,Modifier / Geo,P1,Location-page planning modifier,Use as modifiers with relevant product/service keywords; do not make thin pages automatically.
Bhopal,Location Modifiers,Modifier / Geo,P1,Location-page planning modifier,Use as modifiers with relevant product/service keywords; do not make thin pages automatically.
Pune,Location Modifiers,Modifier / Geo,P1,Location-page planning modifier,Use as modifiers with relevant product/service keywords; do not make thin pages automatically.
Mumbai,Location Modifiers,Modifier / Geo,P1,Location-page planning modifier,Use as modifiers with relevant product/service keywords; do not make thin pages automatically.
Nagpur,Location Modifiers,Modifier / Geo,P1,Location-page planning modifier,Use as modifiers with relevant product/service keywords; do not make thin pages automatically.
Ahmedabad,Location Modifiers,Modifier / Geo,P1,Location-page planning modifier,Use as modifiers with relevant product/service keywords; do not make thin pages automatically.
Surat,Location Modifiers,Modifier / Geo,P1,Location-page planning modifier,Use as modifiers with relevant product/service keywords; do not make thin pages automatically.
Vadodara,Location Modifiers,Modifier / Geo,P1,Location-page planning modifier,Use as modifiers with relevant product/service keywords; do not make thin pages automatically.
Bengaluru,Location Modifiers,Modifier / Geo,P1,Location-page planning modifier,Use as modifiers with relevant product/service keywords; do not make thin pages automatically.
Bangalore,Location Modifiers,Modifier / Geo,P1,Location-page planning modifier,Use as modifiers with relevant product/service keywords; do not make thin pages automatically.
Hyderabad,Location Modifiers,Modifier / Geo,P1,Location-page planning modifier,Use as modifiers with relevant product/service keywords; do not make thin pages automatically.
Chennai,Location Modifiers,Modifier / Geo,P1,Location-page planning modifier,Use as modifiers with relevant product/service keywords; do not make thin pages automatically.
Kolkata,Location Modifiers,Modifier / Geo,P1,Location-page planning modifier,Use as modifiers with relevant product/service keywords; do not make thin pages automatically.
Chandigarh,Location Modifiers,Modifier / Geo,P1,Location-page planning modifier,Use as modifiers with relevant product/service keywords; do not make thin pages automatically.
Ludhiana,Location Modifiers,Modifier / Geo,P1,Location-page planning modifier,Use as modifiers with relevant product/service keywords; do not make thin pages automatically.
Dehradun,Location Modifiers,Modifier / Geo,P1,Location-page planning modifier,Use as modifiers with relevant product/service keywords; do not make thin pages automatically.
Guwahati,Location Modifiers,Modifier / Geo,P1,Location-page planning modifier,Use as modifiers with relevant product/service keywords; do not make thin pages automatically.
promotional products near me,Near Me,Local Transactional,P1,Commercial landing/category page,
promotional gift supplier near me,Near Me,Local Transactional,P1,Commercial landing/category page,
custom t shirt printing near me,Near Me,Local Transactional,P1,Commercial landing/category page,Also appears in: Hindi / Mixed-Language Search
custom hoodie printing near me,Near Me,Local Transactional,P1,Commercial landing/category page,
customized notebook supplier near me,Near Me,Local Transactional,P1,Commercial landing/category page,
corporate gift supplier near me,Near Me,Local Transactional,P1,Commercial landing/category page,
trophy shop near me,Near Me,Local Transactional,P1,Commercial landing/category page,
trophy manufacturer near me,Near Me,Local Transactional,P1,Commercial landing/category page,
custom bags near me,Near Me,Local Transactional,P1,Commercial landing/category page,
printing services near me,Near Me,Local Transactional,P1,Commercial landing/category page,
custom merchandise near me,Near Me,Local Transactional,P1,Commercial landing/category page,
promotional merchandise near me,Near Me,Local Transactional,P1,Commercial landing/category page,
school promotional products,School Focused,Commercial,P1,Commercial landing/category page,
custom merchandise for schools,School Focused,Commercial,P1,Commercial landing/category page,
branded merchandise for schools,School Focused,Commercial,P1,Commercial landing/category page,
customized school products,School Focused,Commercial,P1,Commercial landing/category page,
school staff uniforms,School Focused,Commercial,P1,Commercial landing/category page,
teacher uniforms,School Focused,Commercial,P1,Commercial landing/category page,
school hoodies,School Focused,Commercial,P1,Commercial landing/category page,
school t shirts with logo,School Focused,Commercial,P1,Commercial landing/category page,
school notebooks with logo,School Focused,Commercial,P1,Commercial landing/category page,
custom school diaries,School Focused,Commercial,P1,Commercial landing/category page,
school student kits,School Focused,Commercial,P1,Commercial landing/category page,
school admission kits,School Focused,Commercial,P1,Commercial landing/category page,
school welcome kits,School Focused,Commercial,P1,Commercial landing/category page,
school awards and trophies,School Focused,Commercial,P1,Commercial landing/category page,
college promotional products,College / University Focused,Commercial,P1,Commercial landing/category page,
custom college merchandise,College / University Focused,Commercial,P1,Commercial landing/category page,
university merchandise,College / University Focused,Commercial,P1,Commercial landing/category page,
college branded merchandise,College / University Focused,Commercial,P1,Commercial landing/category page,
college t shirts,College / University Focused,Commercial,P1,Commercial landing/category page,
college hoodies,College / University Focused,Commercial,P1,Commercial landing/category page,
college jackets,College / University Focused,Commercial,P1,Commercial landing/category page,
college society merchandise,College / University Focused,Commercial,P1,Commercial landing/category page,
custom college bags,College / University Focused,Commercial,P1,Commercial landing/category page,
college notebooks,College / University Focused,Commercial,P1,Commercial landing/category page,
college welcome kits,College / University Focused,Commercial,P1,Commercial landing/category page,
college admission kits,College / University Focused,Commercial,P1,Commercial landing/category page,
graduation merchandise,College / University Focused,Commercial,P1,Commercial landing/category page,
convocation merchandise,College / University Focused,Commercial,P1,Commercial landing/category page,
alumni merchandise,College / University Focused,Commercial,P1,Commercial landing/category page,
college club merchandise,College / University Focused,Commercial,P1,Commercial landing/category page,
promotional products for training institutes,Training Centres / Academies,Commercial,P1,Commercial landing/category page,
training institute merchandise,Training Centres / Academies,Commercial,P1,Commercial landing/category page,
training centre merchandise,Training Centres / Academies,Commercial,P1,Commercial landing/category page,
academy promotional products,Training Centres / Academies,Commercial,P1,Commercial landing/category page,
academy merchandise,Training Centres / Academies,Commercial,P1,Commercial landing/category page,
educational academy merchandise,Training Centres / Academies,Commercial,P1,Commercial landing/category page,
computer institute promotional products,Training Centres / Academies,Commercial,P1,Commercial landing/category page,
vocational training institute merchandise,Training Centres / Academies,Commercial,P1,Commercial landing/category page,
language institute merchandise,Training Centres / Academies,Commercial,P1,Commercial landing/category page,
corporate training merchandise,Training Centres / Academies,Commercial,P1,Commercial landing/category page,
training kits customized,Training Centres / Academies,Commercial,P1,Commercial landing/category page,
workshop kits India,Training Centres / Academies,Commercial,P1,Commercial landing/category page,
seminar kits India,Training Centres / Academies,Commercial,P1,Commercial landing/category page,
logo printing India,Printing / Branding Process,Commercial / Informational,P1,Commercial landing/category page,
screen printing India,Printing / Branding Process,Commercial / Informational,P1,Commercial landing/category page,
t shirt screen printing,Printing / Branding Process,Commercial / Informational,P1,Commercial landing/category page,
hoodie screen printing,Printing / Branding Process,Commercial / Informational,P1,Commercial landing/category page,
embroidery services India,Printing / Branding Process,Commercial / Informational,P1,Commercial landing/category page,
custom logo embroidery,Printing / Branding Process,Commercial / Informational,P1,Commercial landing/category page,
logo embroidery on jackets,Printing / Branding Process,Commercial / Informational,P1,Commercial landing/category page,
logo embroidery on hoodies,Printing / Branding Process,Commercial / Informational,P1,Commercial landing/category page,
DTF printing India,Printing / Branding Process,Commercial / Informational,P1,Commercial landing/category page,
DTF t shirt printing,Printing / Branding Process,Commercial / Informational,P1,Commercial landing/category page,
heat transfer printing,Printing / Branding Process,Commercial / Informational,P1,Commercial landing/category page,
sublimation printing India,Printing / Branding Process,Commercial / Informational,P1,Commercial landing/category page,
custom merchandise printing,Printing / Branding Process,Commercial / Informational,P1,Commercial landing/category page,
promotional product printing,Printing / Branding Process,Commercial / Informational,P1,Commercial landing/category page,
corporate branding printing,Printing / Branding Process,Commercial / Informational,P1,Commercial landing/category page,
institute logo printing,Printing / Branding Process,Commercial / Informational,P1,Commercial landing/category page,
bulk logo printing,Printing / Branding Process,Commercial / Informational,P1,Commercial landing/category page,
eco friendly promotional products India,Eco-Friendly / Sustainable,Commercial,P1,Commercial landing/category page,
sustainable promotional products India,Eco-Friendly / Sustainable,Commercial,P1,Commercial landing/category page,
eco friendly corporate gifts India,Eco-Friendly / Sustainable,Commercial,P1,Commercial landing/category page,
sustainable corporate gifts India,Eco-Friendly / Sustainable,Commercial,P1,Commercial landing/category page,
eco friendly merchandise India,Eco-Friendly / Sustainable,Commercial,P1,Commercial landing/category page,
sustainable merchandise India,Eco-Friendly / Sustainable,Commercial,P1,Commercial landing/category page,
eco friendly student kits,Eco-Friendly / Sustainable,Commercial,P1,Commercial landing/category page,
sustainable welcome kits,Eco-Friendly / Sustainable,Commercial,P1,Commercial landing/category page,
eco friendly notebooks,Eco-Friendly / Sustainable,Commercial,P1,Commercial landing/category page,
recycled notebooks with logo,Eco-Friendly / Sustainable,Commercial,P1,Commercial landing/category page,
jute bags with logo,Eco-Friendly / Sustainable,Commercial,P1,Commercial landing/category page,
reusable bottles with logo,Eco-Friendly / Sustainable,Commercial,P1,Commercial landing/category page,
sustainable gifts for schools,Eco-Friendly / Sustainable,Commercial,P1,Commercial landing/category page,
eco friendly gifts for colleges,Eco-Friendly / Sustainable,Commercial,P1,Commercial landing/category page,
best promotional products for coaching institutes,Blog / Informational,Informational,P2,Blog / guide / FAQ,
promotional product ideas for coaching institutes,Blog / Informational,Informational,P2,Blog / guide / FAQ,
coaching institute marketing ideas,Blog / Informational,Informational,P2,Blog / guide / FAQ,
coaching institute branding ideas,Blog / Informational,Informational,P2,Blog / guide / FAQ,
merchandise ideas for coaching institutes,Blog / Informational,Informational,P2,Blog / guide / FAQ,
best student welcome kit ideas,Blog / Informational,Informational,P2,Blog / guide / FAQ,
what to include in student welcome kit,Blog / Informational,Informational,P2,Blog / guide / FAQ,
student orientation kit ideas,Blog / Informational,Informational,P2,Blog / guide / FAQ,
school promotional product ideas,Blog / Informational,Informational,P2,Blog / guide / FAQ,
college merchandise ideas,Blog / Informational,Informational,P2,Blog / guide / FAQ,
college fest merchandise ideas,Blog / Informational,Informational,P2,Blog / guide / FAQ,
best gifts for students,Blog / Informational,Informational,P2,Blog / guide / FAQ,
branded merchandise ideas for colleges,Blog / Informational,Informational,P2,Blog / guide / FAQ,
best hoodies for coaching institutes in winter,Blog / Informational,Informational,P2,Blog / guide / FAQ,
hoodie printing vs embroidery for institute logos,Blog / Informational,Informational,P2,Blog / guide / FAQ,
screen printing vs embroidery,Blog / Informational,Informational,P2,Blog / guide / FAQ,
best GSM for hoodies,Blog / Informational,Informational,P2,Blog / guide / FAQ,
250 GSM vs 300 GSM hoodies,Blog / Informational,Informational,P2,Blog / guide / FAQ,
how to choose custom hoodies,Blog / Informational,Informational,P2,Blog / guide / FAQ,
how much do custom hoodies cost in India,Blog / Informational,Informational,P2,Blog / guide / FAQ,
custom t shirt printing methods,Blog / Informational,Informational,P2,Blog / guide / FAQ,
best fabric for institute t shirts,Blog / Informational,Informational,P2,Blog / guide / FAQ,
polo t shirt vs round neck for staff uniforms,Blog / Informational,Informational,P2,Blog / guide / FAQ,
how to design coaching institute t shirts,Blog / Informational,Informational,P2,Blog / guide / FAQ,
best notebooks for coaching institutes,Blog / Informational,Informational,P2,Blog / guide / FAQ,
spiral vs hardbound notebooks,Blog / Informational,Informational,P2,Blog / guide / FAQ,
customized notebook printing cost,Blog / Informational,Informational,P2,Blog / guide / FAQ,
promotional products for student admissions,Blog / Informational,Informational,P2,Blog / guide / FAQ,
merchandise for educational events,Blog / Informational,Informational,P2,Blog / guide / FAQ,
promotional merchandise for seminars,Blog / Informational,Informational,P2,Blog / guide / FAQ,
orientation gift ideas for colleges,Blog / Informational,Informational,P2,Blog / guide / FAQ,
employee welcome kit vs student welcome kit,Blog / Informational,Informational,P2,Blog / guide / FAQ,
benefits of branded merchandise for schools,Blog / Informational,Informational,P2,Blog / guide / FAQ,
how promotional products improve institute branding,Blog / Informational,Informational,P2,Blog / guide / FAQ,
winter promotional products,Seasonal - Winter,Commercial,P1,Commercial landing/category page,
institute winter jackets,Seasonal - Winter,Commercial,P1,Commercial landing/category page,
coaching institute winter wear,Seasonal - Winter,Commercial,P1,Commercial landing/category page,
school winter uniforms,Seasonal - Winter,Commercial,P1,Commercial landing/category page,
customized winter jackets,Seasonal - Winter,Commercial,P1,Commercial landing/category page,
custom hoodies winter bulk,Seasonal - Winter,Commercial,P1,Commercial landing/category page,
New Year corporate gifts,Seasonal - New Year,Commercial,P1,Commercial landing/category page,
branded calendars 2027,Seasonal - New Year,Commercial,P1,Commercial landing/category page,
corporate diaries 2027,Seasonal - New Year,Commercial,P1,Commercial landing/category page,
customized calendars 2027,Seasonal - New Year,Commercial,P1,Commercial landing/category page,
admission kits,Seasonal - Admissions,Commercial,P1,Commercial landing/category page,
student welcome kits,Seasonal - Admissions,Commercial,P1,Commercial landing/category page,
institute admission gifts,Seasonal - Admissions,Commercial,P1,Commercial landing/category page,
graduation gown supplier,Seasonal - Graduation,Commercial,P1,Commercial landing/category page,
convocation products,Seasonal - Graduation,Commercial,P1,Commercial landing/category page,
graduation folders,Seasonal - Graduation,Commercial,P1,Commercial landing/category page,
convocation gifts,Seasonal - Graduation,Commercial,P1,Commercial landing/category page,
teachers day gifts bulk,Seasonal - Teachers Day,Commercial,P1,Commercial landing/category page,
corporate gifts for teachers,Seasonal - Teachers Day,Commercial,P1,Commercial landing/category page,
personalized teachers day gifts,Seasonal - Teachers Day,Commercial,P1,Commercial landing/category page,
teacher appreciation gifts,Seasonal - Teachers Day,Commercial,P1,Commercial landing/category page,
coaching institute ke liye t shirt,Hindi / Mixed-Language Search,Mixed-language commercial,P2,Commercial landing/category page,
logo wali t shirt,Hindi / Mixed-Language Search,Mixed-language commercial,P2,Commercial landing/category page,
logo printed hoodie,Hindi / Mixed-Language Search,Mixed-language commercial,P2,Commercial landing/category page,
customised hoodie price,Hindi / Mixed-Language Search,Mixed-language commercial,P2,Commercial landing/category page,
coaching institute bag,Hindi / Mixed-Language Search,Mixed-language commercial,P2,Commercial landing/category page,
customized diary with logo price,Hindi / Mixed-Language Search,Mixed-language commercial,P2,Commercial landing/category page,
notebook printing bulk,Hindi / Mixed-Language Search,Mixed-language commercial,P2,Commercial landing/category page,
institute ke liye promotional products,Hindi / Mixed-Language Search,Mixed-language commercial,P2,Commercial landing/category page,
price,Transactional Modifiers,Modifier / Transactional,P1,Keyword expansion modifier,Combine with relevant product/service terms.
cost,Transactional Modifiers,Modifier / Transactional,P1,Keyword expansion modifier,Combine with relevant product/service terms.
wholesale price,Transactional Modifiers,Modifier / Transactional,P1,Keyword expansion modifier,Combine with relevant product/service terms.
bulk price,Transactional Modifiers,Modifier / Transactional,P1,Keyword expansion modifier,Combine with relevant product/service terms.
lowest price,Transactional Modifiers,Modifier / Transactional,P1,Keyword expansion modifier,Combine with relevant product/service terms.
best price,Transactional Modifiers,Modifier / Transactional,P1,Keyword expansion modifier,Combine with relevant product/service terms.
quotation,Transactional Modifiers,Modifier / Transactional,P1,Keyword expansion modifier,Combine with relevant product/service terms.
quote,Transactional Modifiers,Modifier / Transactional,P1,Keyword expansion modifier,Combine with relevant product/service terms.
MOQ,Transactional Modifiers,Modifier / Transactional,P1,Keyword expansion modifier,Combine with relevant product/service terms.
minimum order quantity,Transactional Modifiers,Modifier / Transactional,P1,Keyword expansion modifier,Combine with relevant product/service terms.
bulk order,Transactional Modifiers,Modifier / Transactional,P1,Keyword expansion modifier,Combine with relevant product/service terms.
manufacturer,Supplier Modifiers,Modifier / Commercial,P1,Keyword expansion modifier,Combine with relevant product/service terms.
manufacturers,Supplier Modifiers,Modifier / Commercial,P1,Keyword expansion modifier,Combine with relevant product/service terms.
supplier,Supplier Modifiers,Modifier / Commercial,P1,Keyword expansion modifier,Combine with relevant product/service terms.
suppliers,Supplier Modifiers,Modifier / Commercial,P1,Keyword expansion modifier,Combine with relevant product/service terms.
wholesaler,Supplier Modifiers,Modifier / Commercial,P1,Keyword expansion modifier,Combine with relevant product/service terms.
wholesale,Supplier Modifiers,Modifier / Commercial,P1,Keyword expansion modifier,Combine with relevant product/service terms.
exporter,Supplier Modifiers,Modifier / Commercial,P1,Keyword expansion modifier,Combine with relevant product/service terms.
dealer,Supplier Modifiers,Modifier / Commercial,P1,Keyword expansion modifier,Combine with relevant product/service terms.
vendor,Supplier Modifiers,Modifier / Commercial,P1,Keyword expansion modifier,Combine with relevant product/service terms.
company,Supplier Modifiers,Modifier / Commercial,P1,Keyword expansion modifier,Combine with relevant product/service terms.
printing company,Supplier Modifiers,Modifier / Commercial,P1,Keyword expansion modifier,Combine with relevant product/service terms.
